"","site_code","Taxon","mean.before.control","mean.before.drought","mean.after.control","mean.after.drought","drought.after.minus.before","control.after.minus.before","cover.change"
"1","kiskun.hu","HOLOSTEUM UMBELLATUM",0.01,0.01,0.702,0.04,0.03,0.692,-0.662
"2","kiskun.hu","SALSOLA KALI",0.01,0.01,0,0,-0.01,-0.01,0
"3","passogavia.it","PERSICARIA VIVIPARA",1.025,0.02,1.05,0.1,0.08,0.0250000000000001,0.0549999999999999
"4","passogavia.it","EUPHRASIA MINIMA",0.1125,0.023333333,0.0125,0.01,-0.013333333,-0.1,0.086666667
"5","nnss.us","CHORIZANTHE RIGIDA",0.296333533,0.0681663,0.3472222,0.2061856,0.1380193,0.050888667,0.087130633
"6","ebro.es","TEUCRIUM CAPITATUM",0.564906222,0.072867667,1.137641351,0.152425778,0.079558111,0.572735129,-0.493177018
"7","passogavia.it","GNAPHALIUM SUPINUM",0.055,0.1,0.053333333,0.075,-0.025,-0.001666667,-0.023333333
"8","ebro.es","HELICHRYSUM STOECHAS",0.027052667,0.109083334,0.0281435,0.2258025,0.116719166,0.001090833,0.115628333
"9","ebro.es","POLYGALA RUPESTRIS",0.014544445,0.125664,0.191550334,0.494511111,0.368847111,0.177005889,0.191841222
"10","jrnchi.us","PHEMERANTHUS AURANTIACUS",0.0685871,0.1368925,0,0,-0.1368925,-0.0685871,-0.0683054
"11","nnss.us","MONOPTILON BELLIDIFORME",0.1191883,0.13729085,0.1546705,0.3436426,0.20635175,0.0354822,0.17086955
"12","nnss.us","VULPIA OCTOFLORA",0.2073287,0.13819435,0,0,-0.13819435,-0.2073287,0.06913435
"13","nnss.us","CHYLISMIA CLAVIFORMIS",0.2020202,0.1612391,0.2053388,0.2083333,0.0470942,0.00331859999999998,0.0437756
"14","nnss.us","CRYPTANTHA PTEROCARYA",0.64898376,0.22843085,0,0,-0.22843085,-0.64898376,0.42055291
"15","kiskun.hu","SYRENIA CANA",0.17,0.25,0.1,0.15,-0.1,-0.07,-0.03
"16","allmendb.ch","ASPERULA CYNANCHICA",0.25,0.25,0.25,0.25,0,0,0
"17","allmendb.ch","TRIFOLIUM MONTANUM",0.25,0.25,1,0.25,0,0.75,-0.75
"18","allmendo.ch","LOTUS CORNICULATUS",0.75,0.25,0.625,0.375,0.125,-0.125,0.25
"19","allmendb.ch","GLOBULARIA VULGARIS",1.583333333,0.25,1.75,0.375,0.125,0.166666667,-0.0416666670000001
"20","allmendo.ch","TRIFOLIUM MONTANUM",1.083333333,0.25,0.666666667,0.5,0.25,-0.416666666,0.666666666
"21","allmendo.ch","POLYGALA VULGARIS",0,0.25,0.375,0.5,0.25,0.375,-0.125
"22","allmendo.ch","PLANTAGO LANCEOLATA",0.416666667,0.25,0.75,0.75,0.5,0.333333333,0.166666667
"23","allmendo.ch","EUPHORBIA CYPARISSIAS",2.25,0.25,2.25,1.75,1.5,0,1.5
"24","nnss.us","SCHISMUS ARABICUS",0.3067008,0.25714855,2.27615137,0.320392533,0.063243983,1.96945057,-1.906206587
"25","nnss.us","LOESELIASTRUM SCHOTTII",0.0685167,0.27351615,0.389588286,0.0687285,-0.20478765,0.321071586,-0.525859236
"26","yarradrt.au","SENECIO MADAGASCARIENSIS",0.5,0.3,2,15,14.7,1.5,13.2
"27","allmendb.ch","PLANTAGO LANCEOLATA",0.25,0.375,0.25,1,0.625,0,0.625
"28","allmendo.ch","GLOBULARIA VULGARIS",0.375,0.375,0.583333333,1.333333333,0.958333333,0.208333333,0.75
"29","nnss.us","ERIOGONUM MACULATUM",1.5137421,0.3792902,1.562988243,0.6872779,0.3079877,0.049246143,0.258741557
"30","passogavia.it","PRIMULA GLUTINOSA",0.6,0.4,0.98,0.75,0.35,0.38,-0.03
"31","jrnchi.us","PHYSALIS HEDERIFOLIA",0.69929288,0.41075845,0.44768225,0.0687285,-0.34202995,-0.25161063,-0.09041932
"32","nnss.us","CRYPTANTHA CIRCUMSCISSA",0.19404304,0.41422252,1.06477779,0.27386215,-0.14036037,0.87073475,-1.01109512
"33","allmendo.ch","THYMUS SERPYLLUM",1,0.416666667,1.5,1.833333333,1.416666666,0.5,0.916666666
"34","allmendo.ch","POTENTILLA GRANDIFLORA",1.75,0.416666667,5.25,3.25,2.833333333,3.5,-0.666666667
"35","ebro.es","HERNIARIA FRUTICOSA",0.589631778,0.464549556,0.857831333,0.613775556,0.149226,0.268199555,-0.118973555
"36","nnss.us","BROMUS RUBENS",0.319339489,0.4770241,2.98615225,0.48253192,0.00550782,2.666812761,-2.661304941
"37","nnss.us","ERIOPHYLLUM PRINGLEI",0.58499523,0.4966975,1.57694249,0.154395725,-0.342301775,0.99194726,-1.334249035
"38","baddrt.de","GALIUM APARINE",0.26,0.5,0.07,0.1,-0.4,-0.19,-0.21
"39","cdpt_drt.us","MACHAERANTHERA PINNATIFIDA",0.5,0.5,0.3,0.1,-0.4,-0.2,-0.2
"40","allmendb.ch","CREPIS BIENNIS",0.25,0.5,1.75,0.5,0,1.5,-1.5
"41","capmcd.us","DICHELOSTEMMA CAPITATUM",0.5,0.5,0.5,0.5,0,0,0
"42","credoj.au","MAIREANA TRICHOPTERA",0.5,0.5,0.5,0.5,0,0,0
"43","credom.au","GOODENIA MIMULOIDES",0.5,0.5,0.5,0.5,0,0,0
"44","credom.au","MAIREANA TRICHOPTERA",0.5,0.5,0.5,0.5,0,0,0
"45","falls.au","VIOLA BETONICIFOLIA",0.5,0.5,0.5,0.5,0,0,0
"46","gmgranite.us","ERIOGONUM MACULATUM",0.5,0.5,0.5,0.5,0,0,0
"47","gmmolar.us","CAMISSONIA PALMERI",0.5,0.5,0.5,0.5,0,0,0
"48","gmmolar.us","CENTROSTEGIA THURBERI",0.5,0.5,0.5,0.5,0,0,0
"49","jilpanger.au","BLENNOSPORA DRUMMONDII",0.5,0.5,0.5,0.5,0,0,0
"50","jilpanger.au","Centrolepis STRIGOSA",0.5,0.5,0.5,0.5,0,0,0
"51","jilpanger.au","DROSERA GLANDULIGERA",0.5,0.5,0.5,0.5,0,0,0
"52","jilpanger.au","HYDROCOTYLE FOVEOLATA",0.5,0.5,0.5,0.5,0,0,0
"53","jilpanger.au","LEPIDOSPERMA CONGESTUM",0.5,0.5,0.5,0.5,0,0,0
"54","jilpanger.au","MICROSERIS SCAPIGERA",0.5,0.5,0.5,0.5,0,0,0
"55","jilpanger.au","QUINETIA URVILLEI",0.5,0.5,0.5,0.5,0,0,0
"56","jilpanger.au","ROMULEA ROSEA",0.5,0.5,0.5,0.5,0,0,0
"57","jilpanger.au","STIPA VAGINATA",0.5,0.5,0.5,0.5,0,0,0
"58","jilpanger.au","WAHLENBERGIA STRICTA",0.5,0.5,0.5,0.5,0,0,0
"59","kernb.ca","ANDROSACE SEPTENTRIONALIS",0.5,0.5,0.5,0.5,0,0,0
"60","kernnu.ca","CAMPANULA ROTUNDIFOLIA",0.5,0.5,0.5,0.5,0,0,0
"61","matador.ca","VICIA AMERICANA",0.5,0.5,0.5,0.5,0,0,0
"62","sevblack.us","HOFFMANNSEGGIA DREPANOCARPA",0.5,0.5,0.5,0.5,0,0,0
"63","jilpanger.au","MILLOTIA MUELLERI",0.5,0.5,0.666666667,0.5,0,0.166666667,-0.166666667
"64","jilpanger.au","MILLOTIA TENUIFOLIA",0.5,0.5,0.666666667,0.5,0,0.166666667,-0.166666667
"65","jilpanger.au","HYALOSPERMA DEMISSUM",0.5,0.5,0.7,0.5,0,0.2,-0.2
"66","gmgranite.us","PECTOCARYA PLATYCARPA",0.5,0.5,0,0.5,0,-0.5,0.5
"67","gmmolar.us","LUPINUS CONCINNUS",0.5,0.5,0,0.5,0,-0.5,0.5
"68","gmmolar.us","DICHELOSTEMMA CAPITATUM",0.583333333,0.5,0.5,0.5,0,-0.083333333,0.083333333
"69","credom.au","VITTADINIA EREMAEA",0.625,0.5,0.5,0.5,0,-0.125,0.125
"70","jilpanger.au","HYPOCHAERIS GLABRA",0.7,0.5,0.5,0.5,0,-0.2,0.2
"71","jilpanger.au","DROSERA HOOKERI",0.75,0.5,0.5,0.5,0,-0.25,0.25
"72","credom.au","RYTIDOSPERMA CAESPITOSUM",0.75,0.5,0.625,0.5,0,-0.125,0.125
"73","jilpanger.au","AIRA ELEGANTISSIMA",0.75,0.5,0.625,0.5,0,-0.125,0.125
"74","jilpanger.au","CHAMAESCILLA CORYMBOSA",0.75,0.5,1.75,0.5,0,1,-1
"75","sevmixed.us","MACHAERANTHERA PINNATIFIDA",0.833333333,0.5,0.5,0.5,0,-0.333333333,0.333333333
"76","sevmixed.us","SOLANUM ELAEAGNIFOLIUM",1.375,0.5,0.5,0.5,0,-0.875,0.875
"77","jilpanger.au","ACAENA ECHINATA",1.8,0.5,5.3,0.5,0,3.5,-3.5
"78","credom.au","EUPHORBIA DRUMMONDII",0,0.5,0.5,0.5,0,0.5,-0.5
"79","jilpanger.au","HYPOLAENA FASTIGIATA",0,0.5,0.5,0.5,0,0.5,-0.5
"80","jilpanger.au","RANUNCULUS ROBERTSONII",0,0.5,0.5,0.5,0,0.5,-0.5
"81","oreaa.us","COLLINSIA PARVIFLORA",0,0.5,0.5,0.5,0,0.5,-0.5
"82","cdpt_drt.us","LYGODESMIA JUNCEA",1,0.5,1.2,0.55,0.05,0.2,-0.15
"83","gmgranite.us","CRYPTANTHA CIRCUMSCISSA",0.5,0.5,0.833333333,0.625,0.125,0.333333333,-0.208333333
"84","jilpanger.au","LOMANDRA NANA",0.666666667,0.5,0.5,0.666666667,0.166666667,-0.166666667,0.333333334
"85","matador.ca","CERASTIUM ARVENSE",2.25,0.5,3.5,0.75,0.25,1.25,-1
"86","capwhite.us","ASTRAGALUS NUTTALLIANUS",0,0.5,0.5,0.75,0.25,0.5,-0.25
"87","kernnu.ca","CERASTIUM ARVENSE",0,0.5,0.5,0.75,0.25,0.5,-0.25
"88","gmmolar.us","PLAGIOBOTHRYS ARIZONICUS",0.5,0.5,0.75,0.833333333,0.333333333,0.25,0.083333333
"89","cdpt_drt.us","GAURA COCCINEA",0.1,0.5,2,1,0.5,1.9,-1.4
"90","cdpt_drt.us","LIATRIS PUNCTATA",0.5,0.5,0.5,1,0.5,0,0.5
"91","falls.au","TRISETUM SPICATUM",0.5,0.5,0.5,1,0.5,0,0.5
"92","gmmolar.us","ERIOGONUM MACULATUM",0.5,0.5,0.5,1,0.5,0,0.5
"93","kernb.ca","VICIA AMERICANA",0.5,0.5,0.5,1,0.5,0,0.5
"94","matador.ca","LINUM RIGIDUM",0.5,0.5,1,1,0.5,0.5,0
"95","matador.ca","ACHILLEA MILLEFOLIUM",0.75,0.5,0.5,1,0.5,-0.25,0.75
"96","falls.au","GREVILLEA AUSTRALIS",1,0.5,1,1,0.5,0,0.5
"97","falls.au","PLANTAGO EURYPHYLLA",1,0.5,1,1,0.5,0,0.5
"98","falls.au","PHEBALIUM SQUAMULOSUM",1.333333333,0.5,1.333333333,1,0.5,0,0.5
"99","kernb.ca","STIPA CURTISETA",6.5,0.5,2.333333333,1,0.5,-4.166666667,4.666666667
"100","credom.au","CUSCUTA PLANIFLORA",0,0.5,0.5,1,0.5,0.5,0
"101","jilpanger.au","PELARGONIUM RODNEYANUM",0,0.5,0.5,1,0.5,0.5,0
"102","gmgranite.us","AMSINCKIA TESSELLATA",0,0.5,0.75,1,0.5,0.75,-0.25
"103","kernb.ca","CERASTIUM ARVENSE",2,0.5,2.5,1.25,0.75,0.5,0.25
"104","gmgranite.us","PECTOCARYA RECURVATA",0.5,0.5,0,1.5,1,-0.5,1.5
"105","credom.au","MEDICAGO MINIMA",0.5,0.5,5.75,2,1.5,5.25,-3.75
"106","kernb.ca","SYMPHYOTRICHUM ERICOIDES",2,0.5,5,2,1.5,3,-1.5
"107","gmgranite.us","PECTOCARYA HETEROCARPA",1,0.5,3.071428571,2.8,2.3,2.071428571,0.228571429
"108","capmcd.us","PECTOCARYA RECURVATA",0.5,0.5,5.214285714,2.857142857,2.357142857,4.714285714,-2.357142857
"109","oreaa.us","TRIFOLIUM MACROCEPHALUM",0.5,0.5,1,3.5,3,0.5,2.5
"110","capmcd.us","PLANTAGO PATAGONICA",0.5,0.5,0.75,4,3.5,0.25,3.25
"111","kernnu.ca","POA PRATENSIS",0,0.5,10,5,4.5,10,-5.5
"112","kernb.ca","ARTEMISIA FRIGIDA",2.166666667,0.5,32,6.666666667,6.166666667,29.833333333,-23.666666666
"113","baddrt.de","FALLOPIA CONVOLVULUS",0.1,0.5,0,0,-0.5,-0.1,-0.4
"114","allmendb.ch","CARLINA VULGARIS",0.25,0.5,0.25,0,-0.5,0,-0.5
"115","cdpt_drt.us","ESCOBARIA VIVIPARA",0.3,0.5,0.18,0,-0.5,-0.12,-0.38
"116","credoj.au","GOODENIA MIMULOIDES",0.5,0.5,0.5,0,-0.5,0,-0.5
"117","credoj.au","SCLEROLAENA OBLIQUICUSPIS",0.5,0.5,0.5,0,-0.5,0,-0.5
"118","credom.au","CENTAUREA MELITENSIS",0.5,0.5,0.5,0,-0.5,0,-0.5
"119","credom.au","ERODIUM AUREUM",0.5,0.5,0.5,0,-0.5,0,-0.5
"120","falls.au","ASPERULA GUNNII",0.5,0.5,0.5,0,-0.5,0,-0.5
"121","falls.au","MELICYTUS DENTATUS",0.5,0.5,0.5,0,-0.5,0,-0.5
"122","jilpanger.au","APHELIA PUMILIO",0.5,0.5,0.5,0,-0.5,0,-0.5
"123","jilpanger.au","ISOLEPIS MARGINATA",0.5,0.5,0.5,0,-0.5,0,-0.5
"124","jilpanger.au","LEVENHOOKIA DUBIA",0.5,0.5,0.5,0,-0.5,0,-0.5
"125","jilpanger.au","LOMANDRA JUNCEA",0.5,0.5,0.5,0,-0.5,0,-0.5
"126","jilpanger.au","WAHLENBERGIA GRACILENTA",0.5,0.5,0.5,0,-0.5,0,-0.5
"127","capwhite.us","PECTOCARYA HETEROCARPA",0.5,0.5,1.25,0,-0.5,0.75,-1.25
"128","allmendo.ch","LEONTODON HISPIDUS",0.5,0.5,0,0,-0.5,-0.5,0
"129","capmcd.us","AMBROSIA DELTOIDEA",0.5,0.5,0,0,-0.5,-0.5,0
"130","capmcd.us","CALANDRINIA CILIATA",0.5,0.5,0,0,-0.5,-0.5,0
"131","capmcd.us","MONOLEPIS NUTTALLIANA",0.5,0.5,0,0,-0.5,-0.5,0
"132","capwhite.us","AMBROSIA DELTOIDEA",0.5,0.5,0,0,-0.5,-0.5,0
"133","capwhite.us","ERODIUM TEXANUM",0.5,0.5,0,0,-0.5,-0.5,0
"134","capwhite.us","LOEFLINGIA SQUARROSA",0.5,0.5,0,0,-0.5,-0.5,0
"135","credoj.au","CALOTIS HISPIDULA",0.5,0.5,0,0,-0.5,-0.5,0
"136","gmmolar.us","ACACIA GREGGII",0.5,0.5,0,0,-0.5,-0.5,0
"137","gmmolar.us","FILAGO DEPRESSA",0.5,0.5,0,0,-0.5,-0.5,0
"138","gmmolar.us","LEPIDIUM LASIOCARPUM",0.5,0.5,0,0,-0.5,-0.5,0
"139","gmmolar.us","SALVIA COLUMBARIAE",0.5,0.5,0,0,-0.5,-0.5,0
"140","gmmolar.us","STYLOCLINE PSILOCARPHOIDES",0.5,0.5,0,0,-0.5,-0.5,0
"141","jilpanger.au","JUNCUS BUFONIUS",0.5,0.5,0,0,-0.5,-0.5,0
"142","jilpanger.au","PENTASCHISTIS AIROIDES",0.5,0.5,0,0,-0.5,-0.5,0
"143","kernb.ca","ORTHOCARPUS LUTEUS",0.5,0.5,0,0,-0.5,-0.5,0
"144","matador.ca","AGOSERIS GLAUCA",0.5,0.5,0,0,-0.5,-0.5,0
"145","oreac.us","COLLOMIA LINEARIS",0.5,0.5,0,0,-0.5,-0.5,0
"146","sevblack.us","KALLSTROEMIA PARVIFLORA",0.5,0.5,0,0,-0.5,-0.5,0
"147","sevblue.us","EUPHORBIA ALBOMARGINATA",0.5,0.5,0,0,-0.5,-0.5,0
"148","baddrt.de","TRIPLEUROSPERMUM INODORUM",0.533333333,0.5,0.5,0,-0.5,-0.033333333,-0.466666667
"149","jilpanger.au","BRACHYSCOME PERPUSILLA",0.6,0.5,0.5,0,-0.5,-0.1,-0.4
"150","jilpanger.au","SILOXERUS MULTIFLORUS",0.625,0.5,2,0,-0.5,1.375,-1.875
"151","falls.au","CHAEROPHYLLUM ERIOPODUM",0.666666667,0.5,0.5,0,-0.5,-0.166666667,-0.333333333
"152","credoj.au","MEDICAGO MINIMA",0.666666667,0.5,8,0,-0.5,7.333333333,-7.833333333
"153","gmmolar.us","ERIASTRUM EREMICUM",0.7,0.5,0,0,-0.5,-0.7,0.2
"154","sevblue.us","ECHINOMASTUS INTERTEXTUS",0.75,0.5,0,0,-0.5,-0.75,0.25
"155","credom.au","PASPALIDIUM CLEMENTII",1,0.5,0.5,0,-0.5,-0.5,0
"156","gmgranite.us","LEPIDIUM LASIOCARPUM",1,0.5,0,0,-0.5,-1,0.5
"157","oreaa.us","PERIDERIDIA OREGANA",1,0.5,0,0,-0.5,-1,0.5
"158","sevmixed.us","HOFFMANNSEGGIA DREPANOCARPA",1,0.5,0,0,-0.5,-1,0.5
"159","kernb.ca","CARDUUS NUTANS",1.25,0.5,0,0,-0.5,-1.25,0.75
"160","jilpanger.au","DROSERA ABERRANS",1.625,0.5,0.5,0,-0.5,-1.125,0.625
"161","kiskun.hu","CENTAUREA ARENARIA",2.375,0.5,1.6,0,-0.5,-0.775,0.275
"162","allmendo.ch","TEUCRIUM MONTANUM",3.5,0.5,7.25,0,-0.5,3.75,-4.25
"163","oreaa.us","PACKERA CANA",25.5,0.5,15.5,0,-0.5,-10,9.5
"164","capmcd.us","LOGFIA ARIZONICA",0,0.5,0.5,0,-0.5,0.5,-1
"165","capwhite.us","VULPIA OCTOFLORA",0,0.5,0.5,0,-0.5,0.5,-1
"166","sevblue.us","SPHAERALCEA HASTULATA",0,0.5,2,0,-0.5,2,-2.5
"167","nnss.us","RAFINESQUIA NEOMEXICANA",0.1346801,0.50410455,0,0,-0.50410455,-0.1346801,-0.36942445
"168","nnss.us","CRYPTANTHA INTERMEDIA",0.273154156,0.5408999,1.083267986,0.5414678,0.000567900000000066,0.81011383,-0.80954593
"169","baddrt.de","BROMUS HORDEACEUS",0,0.55,0.55,0.01,-0.54,0.55,-1.09
"170","yarradrt.au","KYLLINGA ODORATA",0.3,0.55,1.5,1.25,0.7,1.2,-0.5
"171","kiskun.hu","BASSIA LANIFLORA",1.45,0.5525,0.125,0.0575,-0.495,-1.325,0.83
"172","allmendb.ch","TRIFOLIUM PRATENSE",0.583333333,0.583333333,1,0.75,0.166666667,0.416666667,-0.25
"173","capwhite.us","PLANTAGO PATAGONICA",0.714285714,0.583333333,1.5,1,0.416666667,0.785714286,-0.369047619
"174","allmendo.ch","CENTAUREA JACEA",1,0.583333333,1,2.25,1.666666667,0,1.666666667
"175","gmmolar.us","PECTOCARYA PLATYCARPA",1.116666667,0.6,0.5,0.5,-0.1,-0.616666667,0.516666667
"176","credoj.au","MAIREANA CARNOSA",0.7,0.6,4.8,1.4,0.8,4.1,-3.3
"177","jrnchi.us","ARISTIDA PURPUREA",2.6915114,0.6081433,1.0141988,0,-0.6081433,-1.6773126,1.0691693
"178","allmendb.ch","FESTUCA OVINA",3.5,0.625,2.25,0.833333333,0.208333333,-1.25,1.458333333
"179","gmmolar.us","PECTOCARYA SETOSA",1.325,0.625,0.5,0,-0.625,-0.825,0.2
"180","gmmolar.us","CRYPTANTHA CIRCUMSCISSA",0.583333333,0.642857143,0.5,0.7,0.057142857,-0.083333333,0.14047619
"181","kiskun.hu","CONYZA CANADENSIS",0.375,0.66,0,0,-0.66,-0.375,-0.285
"182","nnss.us","CHORIZANTHE BREVICORNU",1.19583637,0.6628863,1.08313428,0.30563745,-0.35724885,-0.11270209,-0.24454676
"183","falls.au","CAREX HEBES",0.5,0.666666667,0.6,0.5,-0.166666667,0.1,-0.266666667
"184","gmmolar.us","CRYPTANTHA PTEROCARYA",0.942857143,0.666666667,0.5,0.6,-0.066666667,-0.442857143,0.376190476
"185","falls.au","HYPOCHAERIS RADICATA",0.666666667,0.666666667,0.9,0.833333333,0.166666666,0.233333333,-0.066666667
"186","jilpanger.au","DICHOPOGON STRICTUS",0.7,0.666666667,0.75,0.833333333,0.166666666,0.05,0.116666666
"187","oreac.us","ACHILLEA MILLEFOLIUM",4.833333333,0.666666667,2.666666667,1.833333333,1.166666666,-2.166666666,3.333333332
"188","oreaa.us","BLEPHARIPAPPUS SCABER",0.7,0.7,0.9,0.6,-0.1,0.2,-0.3
"189","credoj.au","RYTIDOSPERMA CAESPITOSUM",1,0.7,1.125,2.333333333,1.633333333,0.125,1.508333333
"190","ebro.es","JUNIPERUS PHOENICEA",0.042760667,0.70686,0,0.623084,-0.0837760000000001,-0.042760667,-0.0410153330000001
"191","passogavia.it","OREOCHLOA DISTICHA",5.5,0.75,5.5,0.275,-0.475,0,-0.475
"192","allmendb.ch","POTENTILLA GRANDIFLORA",0.375,0.75,0.916666667,0.666666667,-0.083333333,0.541666667,-0.625
"193","falls.au","ASTEROLASIA TRYMALIOIDES",0.5,0.75,0.666666667,0.75,0,0.166666667,-0.166666667
"194","falls.au","CAREX BREVICULMIS",0.5,0.75,0.666666667,0.75,0,0.166666667,-0.166666667
"195","falls.au","RUMEX ACETOSELLA",0.583333333,0.75,0.833333333,0.75,0,0.25,-0.25
"196","credom.au","ENNEAPOGON POLYPHYLLUS",1.125,0.75,0.666666667,1,0.25,-0.458333333,0.708333333
"197","yarradrt.au","LOTUS CORNICULATUS",1.943333333,0.75,2,1,0.25,0.056666667,0.193333333
"198","credom.au","PTILOTUS OBOVATUS",0.5,0.75,0.5,1.25,0.5,0,0.5
"199","allmendb.ch","LEUCANTHEMUM VULGARE",1,0.75,1.375,1.5,0.75,0.375,0.375
"200","sevblack.us","SCLEROPOGON BREVIFOLIUS",4.1,0.75,1.95,0,-0.75,-2.15,1.4
"201","credoj.au","ENNEAPOGON POLYPHYLLUS",10.25,0.75,5.25,0,-0.75,-5,4.25
"202","nnss.us","NAMA ARETIOIDES",0.283584533,0.75338592,0.39203624,0,-0.75338592,0.108451707,-0.861837627
"203","nnss.us","OXYTHECA PERFOLIATA",0.89137666,0.766761557,2.028706325,1.345047483,0.578285926,1.137329665,-0.559043739
"204","octc.us","VULPIA MICROSTACHYS",0.17305365,0.7749216,0,0,-0.7749216,-0.17305365,-0.60186795
"205","credoj.au","SALVIA VERBENACA",2.2,0.8,0.6,0.5,-0.3,-1.6,1.3
"206","passogavia.it","AGROSTIS RUPESTRIS",1.54,0.8,2.5,1.7,0.9,0.96,-0.0600000000000001
"207","oreac.us","PERIDERIDIA OREGANA",0.6,0.8,4.9,3.8,3,4.3,-1.3
"208","falls.au","PIMELEA ALPINA",2,0.833333333,1.833333333,1.166666667,0.333333334,-0.166666667,0.500000001
"209","kernb.ca","SONCHUS ARVENSIS",1.5,0.833333333,1,1.25,0.416666667,-0.5,0.916666667
"210","capwhite.us","LOGFIA ARIZONICA",2.428571429,0.833333333,0.928571429,4.7,3.866666667,-1.5,5.366666667
"211","nnss.us","GILIA BRECCIARUM",0.378193233,0.840660186,0,0,-0.840660186,-0.378193233,-0.462466953
"212","gmmolar.us","BROMUS RUBENS",0.866666667,0.85,1.285714286,1.428571429,0.578571429,0.419047619,0.15952381
"213","jrnchi.us","ERIOGONUM ANNUUM",1.3568186,0.85997535,0.4830918,0,-0.85997535,-0.8737268,0.01375145
"214","capwhite.us","PECTOCARYA RECURVATA",0.5,0.875,0.5,0.5,-0.375,0,-0.375
"215","passogavia.it","SALIX HERBACEA",1.403333333,0.9,0.703333333,0.55,-0.35,-0.7,0.35
"216","cdpt_drt.us","SPHAERALCEA COCCINEA",0.666666667,0.9,1,1.9,1,0.333333333,0.666666667
"217","kiskun.hu","CREPIS FOETIDA",0.602,0.9,0.01,0,-0.9,-0.592,-0.308
"218","ebro.es","HELIANTHEMUM MARIFOLIUM",0.817397778,0.913100222,1.093524056,1.185808556,0.272708334,0.276126278,-0.00341794399999984
"219","octc.us","ELYMUS ELYMOIDES",1.1684448,0.970887933,0.818374925,0.5475702,-0.423317733,-0.350069875,-0.0732478579999999
"220","jilpanger.au","GNEPHOSIS DRUMMONDII",0.5,1,0.5,0.5,-0.5,0,-0.5
"221","jilpanger.au","VULPIA MYUROS",0.5,1,0.5,0.5,-0.5,0,-0.5
"222","oreaa.us","EREMOGONE CONGESTA",0.5,1,0,0.5,-0.5,-0.5,0
"223","jilpanger.au","Centrolepis ARISTATA",0.6,1,0.5,0.5,-0.5,-0.1,-0.4
"224","credoj.au","CUSCUTA PLANIFLORA",0.625,1,0.5,0.5,-0.5,-0.125,-0.375
"225","jilpanger.au","SCHOENUS APOGON",0.625,1,0.625,0.5,-0.5,0,-0.5
"226","kernb.ca","TARAXACUM TARAXACUM",0.666666667,1,0.833333333,0.5,-0.5,0.166666666,-0.666666666
"227","matador.ca","RATIBIDA COLUMNIFERA",0.75,1,0,0.5,-0.5,-0.75,0.25
"228","jilpanger.au","PIMELEA HUMILIS",1,1,5,0.5,-0.5,4,-4.5
"229","credom.au","ERAGROSTIS DIELSII",10.5,1,1.25,0.5,-0.5,-9.25,8.75
"230","credoj.au","PTILOTUS OBOVATUS",1.5,1,2.25,0.75,-0.25,0.75,-1
"231","oreaa.us","EPILOBIUM BRACHYCARPUM",0.8,1,1.5,0.9,-0.1,0.7,-0.8
"232","falls.au","ERIGERON BELLIDIOIDES",0.5,1,0.5,1,0,0,0
"233","credom.au","CEPHALIPTERUM DRUMMONDII",0.5,1,20,1,0,19.5,-19.5
"234","brokenh.au","SCLEROLAENA DIACANTHA",1,1,1,1,0,0,0
"235","elvadrt.ee","CERASTIUM ARVENSE",1,1,1,1,0,0,0
"236","elvadrt.ee","RUMEX ACETOSA",1,1,1,1,0,0,0
"237","esw.ca","ERIGERON ANNUUS",1,1,1,1,0,0,0
"238","lygraint.no","AGROSTIS CANINA",1,1,1,1,0,0,0
"239","lygraold.no","TRIENTALIS EUROPEA",1,1,1,1,0,0,0
"240","matador.ca","SYMPHYOTRICHUM ERICOIDES",1,1,1,1,0,0,0
"241","paike.ar","ACAENA POEPPIGIANA",1,1,1,1,0,0,0
"242","paike.ar","AGROSTIS INCONSPICUA",1,1,1,1,0,0,0
"243","paike.ar","ARMERIA MARITIMA",1,1,1,1,0,0,0
"244","paike.ar","AZORELLA MONANTHA",1,1,1,1,0,0,0
"245","paike.ar","CERASTIUM ARVENSE",1,1,1,1,0,0,0
"246","paike.ar","CLINOPODIUM DARWINII",1,1,1,1,0,0,0
"247","paike.ar","DESCHAMPSIA CESPITOSA",1,1,1,1,0,0,0
"248","paike.ar","JUNELLIA ODONELLII",1,1,1,1,0,0,0
"249","paike.ar","LEUCHERIA PURPUREA",1,1,1,1,0,0,0
"250","paike.ar","NASSAUVIA ACULEATA",1,1,1,1,0,0,0
"251","paike.ar","NASSAUVIA DARWINII",1,1,1,1,0,0,0
"252","paike.ar","OXALIS ENNEAPHYLLA",1,1,1,1,0,0,0
"253","paike.ar","SENECIO MISER",1,1,1,1,0,0,0
"254","konzadrt.us","ARTEMISIA LUDOVICIANA",1,1,2,1,0,1,-1
"255","lygraint.no","VACCINIUM ULIGINOSUM",1,1,2,1,0,1,-1
"256","spvdrt.ar","PLANTAGO PATAGONICA",1,1,2,1,0,1,-1
"257","lygraint.no","GALIUM SAXATILE",1,1,3,1,0,2,-2
"258","mattheis.ca","TRAGOPOGON DUBIUS",1,1,3.8,1,0,2.8,-2.8
"259","lygraint.no","CAREX ECHINATA",1,1,0,1,0,-1,1
"260","spvdrt.ar","VULPIA BROMOIDES",1.333333333,1,2,1,0,0.666666667,-0.666666667
"261","lygraint.no","AGROSTIS CAPILLARIS",2,1,1,1,0,-1,1
"262","rhijn.nl","TARAXACUM TARAXACUM",2,1,1.5,1,0,-0.5,0.5
"263","cowidrt.ca","CERASTIUM GLOMERATUM",3,1,1,1,0,-2,2
"264","biddulph.ca","ROSA ARKANSANA",3,1,8,1,0,5,-5
"265","cedartrait.us","ACHILLEA MILLEFOLIUM",3.5,1,1,1,0,-2.5,2.5
"266","esw.ca","SYMPHYOTRICHUM NOVAE-ANGLIAE",7.5,1,1,1,0,-6.5,6.5
"267","marcdrt.ar","MELILOTUS OFFICINALIS",8,1,0,1,0,-8,8
"268","credom.au","MAIREANA SEDIFOLIA",10.16666667,1,10.25,1,0,0.0833333300000003,-0.0833333300000003
"269","hyide.de","DESCHAMPSIA FLEXUOSA",0,1,1,1,0,1,-1
"270","lygraold.no","ERIOPHORUM ANGUSTIFOLIUM",0,1,1,1,0,1,-1
"271","sclaudio.ar","CYNODON DACTYLON",0,1,2.333333333,1,0,2.333333333,-2.333333333
"272","cdpt_drt.us","SPOROBOLUS CRYPTANDRUS",7,1,3,1.125,0.125,-4,4.125
"273","jorndrt.us","SENNA BAUHINIOIDES",0.75,1,0.2,1.25,0.25,-0.55,0.8
"274","spvdrt.ar","SCHISMUS BARBATUS",1,1,2.333333333,1.333333333,0.333333333,1.333333333,-1
"275","spvdrt.ar","PAPPOSTIPA SPECIOSA",2,1,1.5,1.333333333,0.333333333,-0.5,0.833333333
"276","elvadrt.ee","POA ANGUSTIFOLIA",1,1,1,1.5,0.5,0,0.5
"277","elvadrt.ee","VERONICA CHAMAEDRYS",1,1,1,1.5,0.5,0,0.5
"278","esw.ca","MEDICAGO LUPULINA",1,1,2,1.5,0.5,1,-0.5
"279","cobar.au","PTILOTUS ATRIPLICIFOLIUS",3,1,8.25,1.5,0.5,5.25,-4.75
"280","elvadrt.ee","LINUM CATHARTICUM",0,1,1,1.5,0.5,1,-0.5
"281","allmendo.ch","SCABIOSA COLUMBARIA",0.416666667,1,0.25,1.625,0.625,-0.166666667,0.791666667
"282","spvdrt.ar","CARDIONEMA RAMOSISSIMUM",1,1,1,1.666666667,0.666666667,0,0.666666667
"283","oreaa.us","NOTHOCALAIS TROXIMOIDES",2,1,3.5,1.833333333,0.833333333,1.5,-0.666666667
"284","passogavia.it","FESTUCA HALLERI",0.4,1,0.3,2,1,-0.1,1.1
"285","cdpt_drt.us","POLYGALA ALBA",0.5,1,0,2,1,-0.5,1.5
"286","cowidrt.ca","RANUNCULUS OCCIDENTALIS",1,1,2,2,1,1,0
"287","lygraint.no","FESTUCA VIVIPARA",1,1,3,2,1,2,-1
"288","lygraold.no","SORBUS AUCUPARIA",1,1,0,2,1,-1,2
"289","biddulph.ca","ARTEMISIA FRIGIDA",3,1,5,2,1,2,-1
"290","spvdrt.ar","HYPOCHAERIS RADICATA",1,1,2.666666667,3,2,1.666666667,0.333333333
"291","scruzl.us","LOLIUM PERENNE",4,1,8.358448867,3.0194805,2.0194805,4.358448867,-2.338968367
"292","lygraold.no","VACCINIUM ULIGINOSUM",1,1,1,3.5,2.5,0,2.5
"293","oreac.us","POA SECUNDA",10.5,1,3.5,3.5,2.5,-7,9.5
"294","spvdrt.ar","NOTICASTRUM SERICEUM",1,1,1,4,3,0,3
"295","cdpt_drt.us","BROMUS JAPONICUS",5.5,1,2,4,3,-3.5,6.5
"296","esw.ca","TARAXACUM TARAXACUM",1,1,1,4.333333333,3.333333333,0,3.333333333
"297","teshio.jp","GERANIUM THUNBERGII",2,1,8,4.5,3.5,6,-2.5
"298","cowidrt.ca","CAMASSIA QUAMASH",3,1,3,5,4,0,4
"299","naposta.ar","DIPLOTAXIS TENUIFOLIA",2.333333333,1,5,5.333333333,4.333333333,2.666666667,1.666666666
"300","lygraint.no","MOLINIA CAERULEA",1,1,1,6,5,0,5
"301","spvdrt.ar","GALIUM RICHARDIANUM",1,1,1,7,6,0,6
"302","ukulingadrt.za","AFROASTER HISPIDA",0,1,3,7,6,3,3
"303","naposta.ar","ERIGERON BLAKEI",1,1,1,10,9,0,9
"304","jilpanger.au","CHRYSOCEPHALUM APICULATUM",10,1,10,10,9,0,9
"305","cobar.au","STIPA SCABRA",4,1,3.5,12,11,-0.5,11.5
"306","scruzl.us","CARDUUS PYCNOCEPHALUS",1.25,1,8.795871367,20.12987015,19.12987015,7.545871367,11.583998783
"307","capmcd.us","PLANTAGO OVATA",0.583333333,1,8.714285714,23.71428571,22.71428571,8.130952381,14.583333329
"308","gmgranite.us","FILAGO DEPRESSA",0.5,1,0,0,-1,-0.5,-0.5
"309","baddrt.de","TRAGOPOGON PRATENSIS",1,1,0.5,0,-1,-0.5,-0.5
"310","lygraint.no","ANTHOXANTHUM ODORATUM",1,1,1,0,-1,0,-1
"311","rhijn.nl","CERASTIUM FONTANUM",1,1,1,0,-1,0,-1
"312","lygraint.no","CAREX NIGRA",1,1,2,0,-1,1,-2
"313","lygraold.no","JUNIPERUS COMMUNIS",1,1,2,0,-1,1,-2
"314","rhijn.nl","JACOBAEA VULGARIS",1,1,2,0,-1,1,-2
"315","brokenh.au","CRASSULA COLORATA",1,1,0,0,-1,-1,0
"316","cedarsav.us","PANICUM PERLONGUM",1,1,0,0,-1,-1,0
"317","charleville.au","GOODENIA CYCLOPTERA",1,1,0,0,-1,-1,0
"318","charleville.au","THYRIDOLEPIS MITCHELLIANA",1,1,0,0,-1,-1,0
"319","cobar.au","ACTINOBOLE ULIGINOSUM",1,1,0,0,-1,-1,0
"320","cobar.au","BULBINE BULBOSA",1,1,0,0,-1,-1,0
"321","cowidrt.ca","BROMUS CARINATUS",1,1,0,0,-1,-1,0
"322","credom.au","SIDA INTRICATA",1,1,0,0,-1,-1,0
"323","lygraint.no","LUZULA MULTIFLORA",1,1,0,0,-1,-1,0
"324","lygraold.no","PSEUDOSCLEROPODIUM PURUM",1,1,0,0,-1,-1,0
"325","marcdrt.ar","GNAPHALIUM AMERICANUM",1,1,0,0,-1,-1,0
"326","milparinka.au","ERAGROSTIS SETIFOLIA",1,1,0,0,-1,-1,0
"327","quilpie.au","EUPHORBIA DRUMMONDII",1,1,0,0,-1,-1,0
"328","quilpie.au","GLYCINE CANESCENS",1,1,0,0,-1,-1,0
"329","quilpie.au","GOODENIA CYCLOPTERA",1,1,0,0,-1,-1,0
"330","rhijn.nl","ALLIUM VINEALE",1,1,0,0,-1,-1,0
"331","spvdrt.ar","POA LANUGINOSA",1,1,0,0,-1,-1,0
"332","teshio.jp","TARAXACUM TARAXACUM",1.25,1,5,0,-1,3.75,-4.75
"333","quilpie.au","TRIPOGON LOLIIFORMIS",1.5,1,1,0,-1,-0.5,-0.5
"334","brokenh.au","ALTERNANTHERA SESSILIS",1.5,1,0,0,-1,-1.5,0.5
"335","cedarsav.us","SISYRINCHIUM CAMPESTRE",1.5,1,0,0,-1,-1.5,0.5
"336","quilpie.au","CALOTIS HISPIDULA",1.5,1,0,0,-1,-1.5,0.5
"337","cobar.au","CRASSULA COLORATA",1.666666667,1,0,0,-1,-1.666666667,0.666666667
"338","cedarsav.us","VIOLA PEDATIFIDA",1.8,1,0,0,-1,-1.8,0.8
"339","lygraint.no","DACTYLORHIZA MACULATA",2,1,1,0,-1,-1,0
"340","lygraint.no","LUZULA PILOSA",2,1,1,0,-1,-1,0
"341","lygraold.no","JUNCUS SQUARROSUS",2,1,1,0,-1,-1,0
"342","marcdrt.ar","BOTHRIOCHLOA LAGUROIDES",2,1,0,0,-1,-2,1
"343","marcdrt.ar","CARDUUS ACANTHOIDES",2,1,0,0,-1,-2,1
"344","milparinka.au","CALOTIS PORPHYROGLOSSA",2,1,0,0,-1,-2,1
"345","sand.us","DIOSPYROS VIRGINIANA",3,1,1,0,-1,-2,1
"346","sclaudio.ar","PASPALUM DILATATUM",3,1,1,0,-1,-2,1
"347","cobar.au","ARISTIDA CONTORTA",3,1,0,0,-1,-3,2
"348","esw.ca","SONCHUS ASPER",3,1,0,0,-1,-3,2
"349","matador.ca","GALIUM BOREALE",5,1,16.5,0,-1,11.5,-12.5
"350","cedarsav.us","ERIGERON STRIGOSUS",6,1,0,0,-1,-6,5
"351","sclaudio.ar","ACMELLA DECUMBENS",0,1,0.25,0,-1,0.25,-1.25
"352","biddulph.ca","LYGODESMIA JUNCEA",0,1,0.75,0,-1,0.75,-1.75
"353","elvadrt.ee","ARTEMISIA VULGARIS",0,1,1,0,-1,1,-2
"354","ukulingadrt.za","POLYGALA HOTTENTOTTA",0,1,2,0,-1,2,-3
"355","gmmolar.us","PECTOCARYA HETEROCARPA",3.042857143,1.016666667,1.083333333,1.75,0.733333333,-1.95952381,2.692857143
"356","nnss.us","BROMUS TECTORUM",0.965629738,1.142075,4.38977668,0.882379229,-0.259695771,3.424146942,-3.683842713
"357","yarradrt.au","PLANTAGO LANCEOLATA",1.85,1.15,1,0,-1.15,-0.85,-0.3
"358","kernnu.ca","TARAXACUM TARAXACUM",1.166666667,1.166666667,1,1.166666667,0,-0.166666667,0.166666667
"359","credom.au","ENNEAPOGON CAERULESCENS",6.1,1.166666667,11,7.5,6.333333333,4.9,1.433333333
"360","kiskun.hu","SECALE SYLVESTRE",0.436666667,1.175,0.0325,0.146,-1.029,-0.404166667,-0.624833333
"361","ciempoz.es","HELIANTHEMUM SQUAMATUM",0.67,1.1775,5.405,1.514166667,0.336666667,4.735,-4.398333333
"362","kiskun.hu","POLYGONUM ARENARIUM",1.402,1.2,0.124,0.028,-1.172,-1.278,0.106
"363","oreaa.us","NAVARRETIA INTERTEXTA SSP. PROPINQUA",0.833333333,1.25,0.75,0.833333333,-0.416666667,-0.083333333,-0.333333334
"364","marcdrt.ar","JUNCUS IMBRICATUS",1.333333333,1.25,1,2,0.75,-0.333333333,1.083333333
"365","allmendo.ch","TEUCRIUM CHAMAEDRYS",2.083333333,1.25,3.833333333,2.583333333,1.333333333,1.75,-0.416666667
"366","cowidrt.ca","MONTIA LINEARIS",3,1.25,0,0,-1.25,-3,1.75
"367","credoj.au","VITTADINIA EREMAEA",2,1.3,14.1,3.5,2.2,12.1,-9.9
"368","gmgranite.us","ACMISPON STRIGOSUS",2.214285714,1.333333333,0,0.5,-0.833333333,-2.214285714,1.380952381
"369","cowidrt.ca","VERONICA ARVENSIS",1.333333333,1.333333333,1,1,-0.333333333,-0.333333333,0
"370","lygraint.no","RHYTIDIADELPHUS SQUARROSUS",4,1.333333333,1.5,2,0.666666667,-2.5,3.166666667
"371","lygraint.no","POLYTRICHUM COMMUNE",6.333333333,1.333333333,10.33333333,2.666666667,1.333333334,3.999999997,-2.666666663
"372","cowidrt.ca","LOMATIUM UTRICULATUM",5,1.333333333,9.5,3,1.666666667,4.5,-2.833333333
"373","cedartrait.us","TARAXACUM CAMPYLODES",1.25,1.333333333,0,5,3.666666667,-1.25,4.916666667
"374","quilpie.au","THYRIDOLEPIS MITCHELLIANA",1.666666667,1.333333333,0,0,-1.333333333,-1.666666667,0.333333334
"375","gmmolar.us","PECTOCARYA RECURVATA",2.185714286,1.342857143,0.5,1,-0.342857143,-1.685714286,1.342857143
"376","ebro.es","LINUM SUFFRUTICOSUM",1.026256,1.372704667,2.264933611,2.0322225,0.659517833,1.238677611,-0.579159778
"377","nnss.us","MALACOTHRIX GLABRATA",0.729655567,1.3735589,1.1655389,1.41346643,0.03990753,0.435883333,-0.395975803
"378","gmmolar.us","AMSINCKIA TESSELLATA",0.625,1.375,1,0.75,-0.625,0.375,-1
"379","allmendo.ch","ACHILLEA MILLEFOLIUM",0.75,1.375,1.25,0.75,-0.625,0.5,-1.125
"380","allmendo.ch","GALIUM VERUM",1.416666667,1.375,1.75,0.875,-0.5,0.333333333,-0.833333333
"381","oreaa.us","PHLOX HOODII",2.25,1.375,3.5,1.625,0.25,1.25,-1
"382","allmendo.ch","ASPERULA CYNANCHICA",0.375,1.375,0.416666667,2.375,1,0.041666667,0.958333333
"383","passogavia.it","LEUCANTHEMOPSIS ALPINA",2.302,1.38,0.844,0.46,-0.92,-1.458,0.538
"384","nnss.us","DESCURAINIA PINNATA",0.696307383,1.385238063,0.640719867,0.433464429,-0.951773634,-0.0555875159999999,-0.896186118
"385","scruzh.us","BRACHYPODIUM DISTACHYON",39.4736842,1.4084507,0,2.4691358,1.0606851,-39.4736842,40.5343693
"386","scruzh.us","BROMUS HORDEACEUS",0,1.4084507,2.6345738,2.76928305,1.36083235,2.6345738,-1.27374145
"387","octc.us","CERATOCEPHALA TESTICULATA",1.17351,1.416418129,2.818723478,1.1921839,-0.224234229,1.645213478,-1.869447707
"388","nnss.us","ACAMPTOPAPPUS SHOCKLEYI",3.0864198,1.4285714,1.5120275,1.3774105,-0.0511609,-1.5743923,1.5232314
"389","gmgranite.us","DESCURAINIA PINNATA",0,1.5,0.5,0.5,-1,0.5,-1.5
"390","allmendb.ch","SCABIOSA COLUMBARIA",1.333333333,1.5,2.583333333,1,-0.5,1.25,-1.75
"391","cedartrait.us","PETALOSTEMON CANDIDUS",1.625,1.5,1,1,-0.5,-0.625,0.125
"392","chacra.ar","POA LIGULARIS",3.833333333,1.5,5,1,-0.5,1.166666667,-1.666666667
"393","paike.ar","AZORELLA FUEGIANA",1,1.5,1,1.5,0,0,0
"394","cowidrt.ca","CERASTIUM ARVENSE",1.5,1.5,2,1.5,0,0.5,-0.5
"395","allmendb.ch","CENTAUREA JACEA",1.916666667,1.5,2.333333333,1.5,0,0.416666666,-0.416666666
"396","paike.ar","COLOBANTHUS LYCOPODOIDES",2,1.5,2,1.5,0,0,0
"397","paike.ar","LUZULA CHILENSIS",2,1.5,2,1.5,0,0,0
"398","oreac.us","EPILOBIUM BRACHYCARPUM",2.5,1.5,1.5,1.5,0,-1,1
"399","spvdrt.ar","PANICUM URVILLEANUM",2,1.5,3,2.5,1,1,0
"400","ethadb.au","ARISTIDA HOLATHERA",2.75,1.5,14.5,3,1.5,11.75,-10.25
"401","cowidrt.ca","BROMUS STERILIS",12,1.5,13,3.333333333,1.833333333,1,0.833333333
"402","chacra.ar","BACCHARIS GILLIESII",1.5,1.5,0,5,3.5,-1.5,5
"403","cedartrait.us","BOUTELOUA GRACILIS",2,1.5,0,8,6.5,-2,8.5
"404","mattheis.ca","LITHOSPERMUM INCISUM",10,1.5,5.5,10,8.5,-4.5,13
"405","mattheis.ca","SYMPHYOTRICHUM ERICOIDES",1,1.5,15,0,-1.5,14,-15.5
"406","baddrt.de","CARDUUS CRISPUS",1,1.5,0,0,-1.5,-1,-0.5
"407","marcdrt.ar","ERIGERON BONARIENSIS",1,1.5,0,0,-1.5,-1,-0.5
"408","chacra.ar","SCHINUS JOHNSTONII",1.5,1.5,1,0,-1.5,-0.5,-1
"409","chacra.ar","BACCHARIS TENELLA",1.5,1.5,0,0,-1.5,-1.5,0
"410","chacra.ar","BACCHARIS ULICINA",1.5,1.5,0,0,-1.5,-1.5,0
"411","chacra.ar","EPHEDRA TRIANDRA",1.5,1.5,0,0,-1.5,-1.5,0
"412","chacra.ar","HOFFMANNSEGGIA TRIFOLIATA",1.5,1.5,0,0,-1.5,-1.5,0
"413","cowidrt.ca","MYOSOTIS DISCOLOR",2,1.5,0,0,-1.5,-2,0.5
"414","cedartrait.us","AGROSTIS SCABRA",2.333333333,1.5,0,0,-1.5,-2.333333333,0.833333333
"415","marcdrt.ar","PLANTAGO MYOSUROS",0,1.5,1,0,-1.5,1,-2.5
"416","scruzm.us","BROMUS DIANDRUS",6.35743175,1.5048119,2.25851305,2.1978022,0.6929903,-4.0989187,4.791909
"417","nnss.us","AMSINCKIA TESSELLATA",1.288531317,1.523432657,2.58048512,0.6739395,-0.849493157,1.291953803,-2.14144696
"418","allmendo.ch","CENTAUREA SCABIOSA",3,1.583333333,4.125,1.75,0.166666667,1.125,-0.958333333
"419","credom.au","SALVIA VERBENACA",0.7,1.6,1.4,0.8,-0.8,0.7,-1.5
"420","cedartrait.us","LUPINUS PERENNIS",2,1.6,0,0,-1.6,-2,0.4
"421","scruzh.us","SISYRINCHIUM BELLUM",0,1.650742233,1.2195122,1.8340046,0.183262367,1.2195122,-1.036249833
"422","scruzh.us","LINUM BIENNE",1.033563767,1.661239833,3.6585366,6.29785905,4.636619217,2.624972833,2.011646384
"423","marcdrt.ar","CAREX SORORIA",1,1.666666667,1,1,-0.666666667,0,-0.666666667
"424","lygraold.no","RHYTIDIADELPHUS SQUARROSUS",2,1.666666667,1,1,-0.666666667,-1,0.333333333
"425","marcdrt.ar","HORDEUM PUSILLUM",2.333333333,1.666666667,1.5,1,-0.666666667,-0.833333333,0.166666666
"426","elvadrt.ee","EQUISETUM ARVENSE",2,1.666666667,1,1.333333333,-0.333333334,-1,0.666666666
"427","elvadrt.ee","RANUNCULUS ACRIS",4.333333333,1.666666667,2,2,0.333333333,-2.333333333,2.666666666
"428","marcdrt.ar","HYDROCOTYLE BONARIENSIS",1,1.666666667,1.5,2.333333333,0.666666666,0.5,0.166666666
"429","marcdrt.ar","BROMUS CATHARTICUS",10.33333333,1.666666667,9.75,15,13.333333333,-0.58333333,13.916666663
"430","spvdrt.ar","NASSELLA TENUIS",2,1.666666667,15.66666667,16.66666667,15.000000003,13.66666667,1.333333333
"431","charleville.au","HYPOCHAERIS RADICATA",2,1.666666667,0,0,-1.666666667,-2,0.333333333
"432","konzadrt.us","ERAGROSTIS SPECTABILIS",9,1.666666667,0,0,-1.666666667,-9,7.333333333
"433","scruzm.us","VICIA SATIVA",1.781529067,1.6889139,1.58466315,0,-1.6889139,-0.196865917,-1.492047983
"434","passogavia.it","PHYTEUMA HEMISPHAERICUM",2,1.7,2.4,2.3,0.6,0.4,0.2
"435","allmendb.ch","ECHIUM VULGARE",0,1.75,0.25,0.375,-1.375,0.25,-1.625
"436","cdpt_drt.us","COREOPSIS TINCTORIA",2,1.75,3.5,2.25,0.5,1.5,-1
"437","passogavia.it","SCORZONEROIDES HELVETICA",3.2,1.8,3.96,1.8,0,0.76,-0.76
"438","kiskun.hu","ALKANNA TINCTORIA",3.666666667,1.833333333,0,0,-1.833333333,-3.666666667,1.833333334
"439","ebro.es","THYMUS VULGARIS",1.792457333,1.860816222,1.888433582,2.008951389,0.148135167,0.095976249,0.0521589179999999
"440","allmendb.ch","ACHILLEA MILLEFOLIUM",1.333333333,1.875,1.833333333,1.25,-0.625,0.5,-1.125
"441","allmendb.ch","LOTUS CORNICULATUS",0,1.916666667,0.916666667,1.333333333,-0.583333334,0.916666667,-1.500000001
"442","cdpt_drt.us","LITHOSPERMUM INCISUM",1.75,1.916666667,2.75,2.166666667,0.25,1,-0.75
"443","scruzm.us","BRACHYPODIUM DISTACHYON",2.3809524,1.95238095,1.0416667,1.8348624,-0.11751855,-1.3392857,1.22176715
"444","kiskun.hu","MINUARTIA GLOMERATA",0.75,2,0.2,0.07,-1.93,-0.55,-1.38
"445","cdpt_drt.us","DICHANTHELIUM OLIGOSANTHES",1.25,2,3,0.5,-1.5,1.75,-3.25
"446","elvadrt.ee","STELLARIA GRAMINEA",1.5,2,1,1,-1,-0.5,-0.5
"447","brokenh.au","SOLANUM ELLIPTICUM",2,2,1,1,-1,-1,0
"448","rhijn.nl","TRIFOLIUM PRATENSE",2,2,1,1,-1,-1,0
"449","kernb.ca","LACTUCA TATARICA",0.5,2,2,1.25,-0.75,1.5,-2.25
"450","elvadrt.ee","VICIA SEPIUM",2,2,2.333333333,1.666666667,-0.333333333,0.333333333,-0.666666666
"451","oreac.us","ACMISPON AMERICANUS",0.75,2,0.5,2,0,-0.25,0.25
"452","lygraint.no","VACCINIUM MYRTILLUS",2,2,5,2,0,3,-3
"453","marcdrt.ar","STENOTAPHRUM SECUNDATUM",3,2,1.5,2,0,-1.5,1.5
"454","matador.ca","KOELERIA MACRANTHA",1.25,2,1.833333333,2.5,0.5,0.583333333,-0.0833333329999999
"455","cowidrt.ca","VALERIANELLA LOCUSTA",1.8,2,1.8,2.5,0.5,0,0.5
"456","kernb.ca","ACHILLEA MILLEFOLIUM",1,2,1.333333333,2.666666667,0.666666667,0.333333333,0.333333334
"457","kernnu.ca","ARTEMISIA LUDOVICIANA",1,2,0.75,3,1,-0.25,1.25
"458","elvadrt.ee","FESTUCA RUBRA",1.333333333,2,3,3,1,1.666666667,-0.666666667
"459","ukulingadrt.za","SENECIO CORONATUS",1.5,2,7.5,3,1,6,-5
"460","lygraold.no","RHYTIDIADELPHUS LOREUS",2,2,4,3,1,2,-1
"461","rhijn.nl","RANUNCULUS ACRIS",2.6,2,3,3,1,0.4,0.6
"462","cowidrt.ca","GERANIUM MOLLE",1.5,2,3,3.5,1.5,1.5,0
"463","cedarsav.us","PANICUM ACUMINATUM",3.2,2,3,4,2,-0.2,2.2
"464","teshio.jp","STELLARIA GRAMINEA",1.75,2,3.666666667,4.75,2.75,1.916666667,0.833333333
"465","teshio.jp","RANUNCULUS REPENS",5,2,7,5,3,2,1
"466","baddrt.de","BROMUS STERILIS",0,2,0.1025,5,3,0.1025,2.8975
"467","jilpanger.au","NEURACHNE ALOPECUROIDEA",0.833333333,2,0.666666667,6.666666667,4.666666667,-0.166666666,4.833333333
"468","cedarsav.us","COMANDRA UMBELLATA",1.6,2,9.666666667,6.666666667,4.666666667,8.066666667,-3.4
"469","ukulingadrt.za","CEPHALARIA PUNGENS",1.666666667,2,15.75,7,5,14.083333333,-9.083333333
"470","kernnu.ca","SONCHUS ARVENSIS",1.166666667,2,14,7.166666667,5.166666667,12.833333333,-7.666666666
"471","ukulingadrt.za","SENECIO BUPLEUROIDES",3,2,8.166666667,7.333333333,5.333333333,5.166666667,0.166666666
"472","oreaa.us","VENTENATA DUBIA",1.3,2,5.8,8.75,6.75,4.5,2.25
"473","biddulph.ca","PSORALEA LANCEOLATA",1.5,2,6.5,11,9,5,4
"474","sand.us","LIATRIS COKERI",7,2,26,14,12,19,-7
"475","brokenh.au","GOODENIA CYCLOPTERA",1,2,0,0,-2,-1,-1
"476","cobar.au","RHODANTHE FLORIBUNDA",1,2,0,0,-2,-1,-1
"477","rhijn.nl","FESTUCA PRATENSIS",1,2,0,0,-2,-1,-1
"478","nplatte.us","SPHAERALCEA COCCINEA",2,2,2,0,-2,0,-2
"479","cedartrait.us","LINARIA VULGARIS",2,2,0,0,-2,-2,0
"480","lygraint.no","ERIOPHORUM ANGUSTIFOLIUM",2,2,0,0,-2,-2,0
"481","marcdrt.ar","CYCLOSPERMUM LEPTOPHYLLUM",2,2,0,0,-2,-2,0
"482","purdue.us","RUDBECKIA HIRTA",2,2,0,0,-2,-2,0
"483","cedarsav.us","PANICUM OLIGOSANTHES",2.5,2,5,0,-2,2.5,-4.5
"484","cedarsav.us","ANEMONE CYLINDRICA",3,2,0,0,-2,-3,1
"485","cobar.au","RHODANTHE PYGMAEA",3,2,0,0,-2,-3,1
"486","rhijn.nl","AGROSTIS GIGANTEA",4,2,0,0,-2,-4,2
"487","cedarsav.us","SYMPHYOTRICHUM OOLENTANGIENSE",6.6,2,7.666666667,0,-2,1.066666667,-3.066666667
"488","cedarsav.us","ERAGROSTIS SPECTABILIS",9,2,0,0,-2,-9,7
"489","nplatte.us","ARTEMISIA FRIGIDA",13.5,2,30,0,-2,16.5,-18.5
"490","cobar.au","BRACHYSCOME CAMPYLOCARPA",20,2,0,0,-2,-20,18
"491","marcdrt.ar","JUNCUS MICROCEPHALUS",0,2,1.5,0,-2,1.5,-3.5
"492","gmmolar.us","ERIOPHYLLUM WALLACEI",2,2.033333333,1.857142857,0.571428571,-1.461904762,-0.142857143,-1.319047619
"493","baddrt.de","SONCHUS ASPER",2,2.125,0.35,1,-1.125,-1.65,0.525
"494","oreaa.us","ERIOGONUM SPHAEROCEPHALUM",3.5,2.125,2.25,2.75,0.625,-1.25,1.875
"495","ebro.es","HELIANTHEMUM LAVANDULIFOLIUM",1.612688,2.126979556,2.534224,2.691667611,0.564688055,0.921536,-0.356847945
"496","scruzm.us","ESCHSCHOLZIA CALIFORNICA",2.27999152,2.15223665,7.29629878,4.350330267,2.198093617,5.01630726,-2.818213643
"497","biddulph.ca","FESTUCA ALTAICA",0.666666667,2.166666667,2,0.5,-1.666666667,1.333333333,-3
"498","matador.ca","ARTEMISIA FRIGIDA",2.333333333,2.166666667,2,1.333333333,-0.833333334,-0.333333333,-0.500000001
"499","allmendo.ch","ANTHYLLIS VULNERARIA",1,2.166666667,0.875,1.5,-0.666666667,-0.125,-0.541666667
"500","allmendb.ch","THYMUS SERPYLLUM",2.416666667,2.166666667,2.166666667,1.666666667,-0.5,-0.25,-0.25
"501","scruzh.us","AVENA BARBATA",0.877193,2.173913,1.5998551,0,-2.173913,0.7226621,-2.8965751
"502","oreaa.us","BROMUS JAPONICUS",0.625,2.25,0.5,0.5,-1.75,-0.125,-1.625
"503","allmendo.ch","PIMPINELLA SAXIFRAGA",1.916666667,2.25,2.333333333,2.166666667,-0.0833333330000001,0.416666666,-0.499999999
"504","oreaa.us","ERIGERON BLOOMERI",4.625,2.25,5,2.25,0,0.375,-0.375
"505","kiskun.hu","ARTEMISIA CAMPESTRIS",5.25,2.25,7,3,0.75,1.75,-1
"506","kernb.ca","AGROSTIS SCABRA",3.5,2.333333333,3,1.333333333,-1,-0.5,-0.5
"507","cowidrt.ca","DODECATHEON HENDERSONII",2.333333333,2.333333333,2.333333333,2.666666667,0.333333334,0,0.333333334
"508","lygraold.no","POTENTILLA ERECTA",5,2.333333333,3,3,0.666666667,-2,2.666666667
"509","mattheis.ca","GAURA COCCINEA",1,2.333333333,4.333333333,3.5,1.166666667,3.333333333,-2.166666666
"510","brokenh.au","THYRIDOLEPIS MITCHELLIANA",1,2.333333333,0,0,-2.333333333,-1,-1.333333333
"511","cobar.au","GOODENIA CYCLOPTERA",1,2.333333333,0,0,-2.333333333,-1,-1.333333333
"512","cedartrait.us","AGROSTIS STOLONIFERA",5,2.333333333,0,0,-2.333333333,-5,2.666666667
"513","allmendb.ch","SALVIA PRATENSIS",1.5,2.375,1.125,3.25,0.875,-0.375,1.25
"514","cowidrt.ca","VICIA SATIVA",2.8,2.4,1,1.75,-0.65,-1.8,1.15
"515","cowidrt.ca","POA PRATENSIS",6.2,2.4,3.8,2.8,0.4,-2.4,2.8
"516","jrnchi.us","CROTON POTTSII",4.850794314,2.416310667,2.714294733,1.746526875,-0.669783792,-2.136499581,1.466715789
"517","jrnchi.us","ACOURTIA NANA",0.9663452,2.4220811,1.1698078,0.6207045,-1.8013766,0.2034626,-2.0048392
"518","gmgranite.us","ERODIUM CICUTARIUM",3.142857143,2.428571429,2.142857143,6.714285714,4.285714285,-1,5.285714285
"519","cowidrt.ca","GALIUM APARINE",1,2.5,1,1,-1.5,0,-1.5
"520","lygraint.no","LYSIMACHIA EUROPAEA",3,2.5,2,1,-1.5,-1,-0.5
"521","allmendb.ch","PIMPINELLA SAXIFRAGA",4,2.5,2.5,2.416666667,-0.0833333330000001,-1.5,1.416666667
"522","matador.ca","COMANDRA UMBELLATA",1.5,2.5,5.25,3.5,1,3.75,-2.75
"523","cedartrait.us","KOELERIA MICRATHERA",2,2.5,5,4,1.5,3,-1.5
"524","kernb.ca","ROSA ARKANSANA",0.75,2.5,1,5.666666667,3.166666667,0.25,2.916666667
"525","kernnu.ca","ROSA ARKANSANA",1,2.5,1,9.25,6.75,0,6.75
"526","ethadb.au","PTILOTUS POLYSTACHYUS",2,2.5,0,21,18.5,-2,20.5
"527","cedartrait.us","AMORPHA CANESCENS",6.166666667,2.5,3,0,-2.5,-3.166666667,0.666666667
"528","scruzl.us","MEDICAGO POLYMORPHA",9.4,2.5,0,0,-2.5,-9.4,6.9
"529","scruzm.us","MEDICAGO POLYMORPHA",9.4,2.5,0,0,-2.5,-9.4,6.9
"530","cerrillos.ar","BOUTELOUA ARISTIDOIDES",0,2.505,12.815,36.565,34.06,12.815,21.245
"531","nnss.us","GRAYIA SPINOSA",5.146001,2.58690782,6.9210625,3.24872212,0.6618143,1.7750615,-1.1132472
"532","allmendo.ch","SALVIA PRATENSIS",0,2.625,0.5,3.875,1.25,0.5,0.75
"533","kernnu.ca","CIRSIUM ARVENSE",1.5,2.666666667,2.666666667,0.75,-1.916666667,1.166666667,-3.083333334
"534","quilpie.au","ERAGROSTIS SETIFOLIA",1.5,2.666666667,2,2,-0.666666667,0.5,-1.166666667
"535","allmendo.ch","BRIZA MEDIA",1.666666667,2.666666667,1.833333333,2.416666667,-0.25,0.166666666,-0.416666666
"536","nnss.us","LYCIUM PALLIDUM",4.6258503,2.680278,5.1748451,2.779884733,0.0996067329999999,0.5489948,-0.449388067
"537","allmendb.ch","HELICTOTRICHON PRATENSE",2.666666667,2.75,2.75,4.25,1.5,0.0833333330000001,1.416666667
"538","scruzm.us","CARDUUS PYCNOCEPHALUS",1.7424088,2.76846785,6.8493151,7.11889028,4.35042243,5.1069063,-0.75648387
"539","gmmolar.us","ACMISPON STRIGOSUS",3.416666667,2.771428571,0,0,-2.771428571,-3.416666667,0.645238096
"540","scruzm.us","GERANIUM DISSECTUM",2.8,2.8,3.577370567,2.92613635,0.12613635,0.777370567,-0.651234217
"541","scruzl.us","GERANIUM DISSECTUM",2.8,2.8,20.95602862,3.799262233,0.999262233,18.15602862,-17.156766387
"542","kernnu.ca","STIPA CURTISETA",3.166666667,2.833333333,1,6,3.166666667,-2.166666667,5.333333334
"543","capwhite.us","PLANTAGO OVATA",1.428571429,2.857142857,9.5,4.571428571,1.714285714,8.071428571,-6.357142857
"544","nnss.us","MENTZELIA ASPERA",2.343982057,2.874968975,2.616757683,0.27565495,-2.599314025,0.272775626,-2.872089651
"545","oreaa.us","SEDUM STENOPETALUM",2.666666667,2.875,3.5,2.875,0,0.833333333,-0.833333333
"546","oreac.us","ELYMUS ELYMOIDES",17,2.875,7,5.833333333,2.958333333,-10,12.958333333
"547","scruzh.us","HOLCUS LANATUS",1.868274733,2.909544633,13.7898687,14.5281933,11.618648667,11.921593967,-0.302945299999999
"548","cedarsav.us","ARTEMISIA LUDOVICIANA",1.6,3,1,1,-2,-0.6,-1.4
"549","sand.us","SERICOCARPUS ASTEROIDES",2,3,2,1,-2,0,-2
"550","ukulingadrt.za","COMMELINA AFRICANA",0,3,1.5,1,-2,1.5,-3.5
"551","kernnu.ca","ELYMUS TRACHYCAULUS",0.833333333,3,3.25,1.833333333,-1.166666667,2.416666667,-3.583333334
"552","lygraint.no","EMPETRUM NIGRUM",1.5,3,6,2,-1,4.5,-5.5
"553","lygraint.no","POTENTILLA ERECTA",3,3,2.666666667,2.333333333,-0.666666667,-0.333333333,-0.333333334
"554","cedarsav.us","ROSA ARKANSANA",1,3,0,3,0,-1,1
"555","mattheis.ca","AGROSTIS SCABRA",3.5,3,5,3,0,1.5,-1.5
"556","milparinka.au","ABUTILON HALOPHILUM",12.5,3,12.5,3,0,0,0
"557","ukulingadrt.za","SCABIOSA COLUMBARIA",3,3,0,3.75,0.75,-3,3.75
"558","lygraold.no","EMPETRUM NIGRUM",4.5,3,6.5,4.5,1.5,2,-0.5
"559","ukulingadrt.za","HIBISCUS AETHIOPICUS",1.666666667,3,4.666666667,4.666666667,1.666666667,3,-1.333333333
"560","elvadrt.ee","LATHYRUS PRATENSIS",3,3,20,5,2,17,-15
"561","lygraold.no","POLYTRICHUM COMMUNE",4,3,1,5,2,-3,5
"562","kernb.ca","ELYMUS TRACHYCAULUS",0.5,3,0.5,7,4,0,4
"563","ukulingadrt.za","INDIGOFERA HILARIS",1,3,5,15,12,4,8
"564","spvdrt.ar","SPOROBOLUS RIGENS",1,3,5.666666667,16,13,4.666666667,8.333333333
"565","rhijn.nl","POTENTILLA REPTANS",7,3,8,22.5,19.5,1,18.5
"566","lygraold.no","AVENELLA FLEXUOSA",1.333333333,3,3,25,22,1.666666667,20.333333333
"567","teshio.jp","PHRAGMITES AUSTRALIS",22,3,65,37.5,34.5,43,-8.5
"568","cedartrait.us","ASCLEPIAS TUBEROSA",1,3,0,0,-3,-1,-2
"569","marcdrt.ar","MEDICAGO LUPULINA",2,3,0,0,-3,-2,-1
"570","scruzl.us","BROMUS HORDEACEUS",3,3,1.0204082,0,-3,-1.9795918,-1.0204082
"571","cedartrait.us","BOUTELOUA CURTIPENDULA",3,3,0,0,-3,-3,0
"572","milparinka.au","MINURIA DENTICULATA",3,3,0,0,-3,-3,0
"573","rhijn.nl","CYNOSURUS CRISTATUS",3.666666667,3,5,0,-3,1.333333333,-4.333333333
"574","brokenh.au","ACTINOBOLE ULIGINOSUM",4.333333333,3,0,0,-3,-4.333333333,1.333333333
"575","cobar.au","ERODIUM CRINITUM",5,3,0,0,-3,-5,2
"576","milparinka.au","CHRYSOCEPHALUM APICULATUM",6,3,0,0,-3,-6,3
"577","kiskun.hu","EUPHORBIA SEGUIERIANA",5,3.102,1.2,3,-0.102,-3.8,3.698
"578","ciempoz.es","GYPSOPHILA STRUTHIUM",1.08,3.145,4.6725,8.034,4.889,3.5925,1.2965
"579","cedartrait.us","POA PRATENSIS",3.111111111,3.2,4.125,2.6,-0.6,1.013888889,-1.613888889
"580","nnss.us","CHAENACTIS FREMONTII",2.24174178,3.23854468,3.775887689,1.48180165,-1.75674303,1.534145909,-3.290888939
"581","allmendb.ch","EUPHORBIA CYPARISSIAS",0,3.25,0.25,2,-1.25,0.25,-1.5
"582","allmendb.ch","LINUM CATHARTICUM",4.583333333,3.25,2.5,2.083333333,-1.166666667,-2.083333333,0.916666666
"583","kiskun.hu","DIANTHUS SEROTINUS",1.5,3.25,8,3.5,0.25,6.5,-6.25
"584","chacra.ar","PAPPOPHORUM MUCRONULATUM",5,3.25,0,13,9.75,-5,14.75
"585","nnss.us","EPHEDRA NEVADENSIS",3.052105443,3.263065075,2.65797925,2.308466225,-0.95459885,-0.394126193,-0.560472657
"586","hyide.de","CAREX ARENARIA",3,3.333333333,2,1.333333333,-2,-1,-1
"587","ukulingadrt.za","CHAETACANTHUS BURCHELLII",1.666666667,3.333333333,2.666666667,7.5,4.166666667,1,3.166666667
"588","purdue.us","EUTHAMIA GRAMINIFOLIA",6.375,3.333333333,13,25,21.666666667,6.625,15.041666667
"589","ebro.es","THYMELAEA TINCTORIA",0,3.359766667,0.401426667,3.45576,0.095993333,0.401426667,-0.305433334
"590","cowidrt.ca","VICIA HIRSUTA",3.6,3.4,1.8,2.25,-1.15,-1.8,0.65
"591","allmendo.ch","RHINANTHUS MINOR",2.333333333,3.416666667,1.083333333,0.833333333,-2.583333334,-1.25,-1.333333334
"592","sevblack.us","EUPHORBIA LATA",0.5,3.483333333,0.5,0.5,-2.983333333,0,-2.983333333
"593","lygraint.no","DESCHAMPSIA FLEXUOSA",4,3.5,0,1,-2.5,-4,1.5
"594","hoide.de","CAREX ARENARIA",4.5,3.5,2.666666667,1.666666667,-1.833333333,-1.833333333,2.22044604925031e-16
"595","cedartrait.us","PANICUM OLIGOSANTHES",2,3.5,0,2,-1.5,-2,0.5
"596","oreac.us","COLLOMIA GRANDIFLORA",1.666666667,3.5,2,2.25,-1.25,0.333333333,-1.583333333
"597","hoide.de","DESCHAMPSIA FLEXUOSA",3.5,3.5,8.666666667,3.666666667,0.166666667,5.166666667,-5
"598","oreac.us","FESTUCA IDAHOENSIS",12.3,3.5,11.1,13.75,10.25,-1.2,11.45
"599","ukulingadrt.za","THUNBERGIA ATRIPLICIFOLIA",3,3.5,11.5,35,31.5,8.5,23
"600","marcdrt.ar","CENTAURIUM PULCHELLUM",1,3.5,0,0,-3.5,-1,-2.5
"601","cedarsav.us","STIPA SPARTEA",3.666666667,3.5,15,0,-3.5,11.333333333,-14.833333333
"602","paike.ar","CAREX ANDINA",5.333333333,3.666666667,6,3.666666667,0,0.666666667,-0.666666667
"603","cowidrt.ca","ELYMUS GLAUCUS",2,3.666666667,0,6,2.333333333,-2,4.333333333
"604","elvadrt.ee","ACHILLEA MILLEFOLIUM",5,3.666666667,2,6.666666667,3,-3,6
"605","brokenh.au","RHODANTHE PYGMAEA",2.666666667,3.666666667,0,0,-3.666666667,-2.666666667,-1
"606","sevblack.us","MUHLENBERGIA ARENICOLA",1,3.75,1,1,-2.75,0,-2.75
"607","kernb.ca","CIRSIUM ARVENSE",0.5,3.75,0,0,-3.75,-0.5,-3.25
"608","allmendo.ch","HELICTOTRICHON PRATENSE",1.75,3.833333333,1.083333333,3.75,-0.0833333330000001,-0.666666667,0.583333334
"609","lygraold.no","CAREX ECHINATA",1.5,4,0,1,-3,-1.5,-1.5
"610","rhijn.nl","LEUCANTHEMUM VULGARE",6,4,1,1,-3,-5,2
"611","ethadb.au","ERIACHNE ARISTIDEA",1.5,4,4,2,-2,2.5,-4.5
"612","esw.ca","SONCHUS ARVENSIS",5,4,3,2,-2,-2,0
"613","cowidrt.ca","CAREX INOPS",7.5,4,6.25,3,-1,-1.25,0.25
"614","kiskun.hu","FUMANA PROCUMBENS",7,4,6.833333333,3.25,-0.75,-0.166666667,-0.583333333
"615","jorndrt.us","PROSOPIS GLANDULOSA",8,4,7.333333333,3.333333333,-0.666666667,-0.666666667,4.44089209850063e-16
"616","teshio.jp","EQUISETUM ARVENSE",1,4,4,5.5,1.5,3,-1.5
"617","teshio.jp","POLYGONUM THUNBERGII",30,4,12.5,6.25,2.25,-17.5,19.75
"618","lygraold.no","CAREX NIGRA",6.333333333,4,6.666666667,7.333333333,3.333333333,0.333333334000001,2.999999999
"619","lygraold.no","ERIOPHORUM VAGINATUM",2.333333333,4,0,12,8,-2.333333333,10.333333333
"620","marcdrt.ar","SISYRINCHIUM PLATENSE",1.5,4,1,0,-4,-0.5,-3.5
"621","marcdrt.ar","BRIZA MINOR",1.5,4,0,0,-4,-1.5,-2.5
"622","rhijn.nl","POA PRATENSIS",5,4,0,0,-4,-5,1
"623","passogavia.it","POA ALPINA",1.5,4.002,2,3.16,-0.842,0.5,-1.342
"624","allmendb.ch","BRIZA MEDIA",3.333333333,4.166666667,2.5,2.5,-1.666666667,-0.833333333,-0.833333334
"625","allmendo.ch","HIPPOCREPIS COMOSA",6.666666667,4.166666667,5.333333333,2.833333333,-1.333333334,-1.333333334,4.44089209850063e-16
"626","allmendo.ch","HELIANTHEMUM NUMMULARIUM var. GRANDIFLORUM",3.666666667,4.166666667,5.833333333,5.416666667,1.25,2.166666666,-0.916666666
"627","ukulingadrt.za","ERIOSEMA CORDATUM",6,4.333333333,13.5,2,-2.333333333,7.5,-9.833333333
"628","paike.ar","PEREZIA RECURVATA",3,4.333333333,3,4.333333333,0,0,0
"629","scruzh.us","CARDUUS PYCNOCEPHALUS",34.8837209,4.3478261,0,0,-4.3478261,-34.8837209,30.5358948
"630","cerrillos.ar","GAYA PARVIFLORA",5,4.38,2.505,1.88,-2.5,-2.495,-0.00499999999999989
"631","cerrillos.ar","PROSOPIS TORQUATA",3.75,4.38,3.75,0,-4.38,0,-4.38
"632","cowidrt.ca","QUERCUS GARRYANA",3.5,4.5,3,4,-0.5,-0.5,0
"633","paike.ar","RYTIDOSPERMA VIRESCENS",2.5,4.5,3.5,4.5,0,1,-1
"634","ukulingadrt.za","SETARIA NIGRIROSTRIS",0,4.5,40,30,25.5,40,-14.5
"635","ukulingadrt.za","CRABBEA HIRSUTA",2,4.5,0,0,-4.5,-2,-2.5
"636","capwhite.us","PHYSARIA GORDONII",2.333333333,4.6,0.5,0.5,-4.1,-1.833333333,-2.266666667
"637","marcdrt.ar","POA LANIGERA",5.25,4.666666667,10,2.75,-1.916666667,4.75,-6.666666667
"638","cedarsav.us","LATHYRUS VENOSUS",4.9,4.75,5,4.5,-0.25,0.0999999999999996,-0.35
"639","cedarsav.us","LITHOSPERMUM CAROLINIENSE",5.5,4.8,0,0,-4.8,-5.5,0.7
"640","scruzh.us","PLANTAGO LANCEOLATA",4.53320762,4.8785782,11.96570875,22.2222222,17.343644,7.43250113,9.91114287
"641","gmmolar.us","ERODIUM CICUTARIUM",4.285714286,4.928571429,1.928571429,3.928571429,-1,-2.357142857,1.357142857
"642","scruzm.us","RAPHANUS SATIVUS",1.17663345,4.9528809,7.44020726,20.57703828,15.62415738,6.26357381,9.36058357
"643","cobar.au","SCLEROLAENA DIACANTHA",3.333333333,5,1,1,-4,-2.333333333,-1.666666667
"644","brookdale.ca","VICIA AMERICANA",5,5,1,1,-4,-4,0
"645","brookdale.ca","CYPRIPEDIUM PARVIFLORUM",5,5,1.25,1,-4,-3.75,-0.25
"646","brookdale.ca","ZIZIA APTERA",5,5,2,1,-4,-3,-1
"647","sand.us","IONACTIS LINARIIFOLIA",10,5,0,1,-4,-10,6
"648","elvadrt.ee","VICIA CRACCA",6.666666667,5,4.333333333,1.333333333,-3.666666667,-2.333333334,-1.333333333
"649","allmendo.ch","CAREX FLACCA",1.75,5,1.5,1.5,-3.5,-0.25,-3.25
"650","brookdale.ca","ACHILLEA MILLEFOLIUM",5,5,1,1.5,-3.5,-4,0.5
"651","brookdale.ca","SOLIDAGO RIGIDA",5,5,2.5,1.5,-3.5,-2.5,-1
"652","cowidrt.ca","LATHYRUS SPHAERICUS",7,5,2,1.5,-3.5,-5,1.5
"653","chacra.ar","NASSELLA TENUIS",10.5,5,1,3.5,-1.5,-9.5,8
"654","cdpt_drt.us","ARISTIDA PURPUREA",0,5,6,4.333333333,-0.666666667,6,-6.666666667
"655","cedartrait.us","ANDROPOGON GERARDII",13,5,17,6.4,1.4,4,-2.6
"656","rhijn.nl","HOLCUS LANATUS",5.333333333,5,8.4,6.666666667,1.666666667,3.066666667,-1.4
"657","cowidrt.ca","SANICULA CRASSICAULIS",2.333333333,5,2.5,7.333333333,2.333333333,0.166666667,2.166666666
"658","cmss.us","ELYMUS SPICATUS",27.5,5,12.5,10,5,-15,20
"659","naposta.ar","AVENA BARBATA",5,5,15,20,15,10,5
"660","cmss.us","FESTUCA IDAHOENSIS",13.5,5,27.5,25,20,14,6
"661","quilpie.au","RHODANTHE FLORIBUNDA",1,5,0,0,-5,-1,-4
"662","cowidrt.ca","SERICOCARPUS rigidus",2,5,0,0,-5,-2,-3
"663","brookdale.ca","LATHYRUS PALUSTRIS",5,5,0,0,-5,-5,0
"664","allmendb.ch","RHINANTHUS MINOR",6.666666667,5.083333333,0.416666667,2,-3.083333333,-6.25,3.166666667
"665","ebro.es","GENISTA SCORPIUS",15.94449267,5.190912221,14.58778689,5.560632001,0.36971978,-1.35670578,1.72642556
"666","cowidrt.ca","VALERIANA samolifolia",1.333333333,5.25,4,13,7.75,2.666666667,5.083333333
"667","kernb.ca","POA PRATENSIS",0,5.25,22.66666667,18.33333333,13.08333333,22.66666667,-9.58333334
"668","paike.ar","FESTUCA PYROGEA",8.333333333,5.333333333,9,5.666666667,0.333333334000001,0.666666666999999,-0.333333332999999
"669","konzadrt.us","SORGHASTRUM NUTANS",11.5,5.333333333,6,8.25,2.916666667,-5.5,8.416666667
"670","credoj.au","MAIREANA SEDIFOLIA",1.4,5.375,1.875,3.4,-1.975,0.475,-2.45
"671","baddrt.de","CREPIS CAPILLARIS",3.555555556,5.4,1.616666667,9,3.6,-1.938888889,5.538888889
"672","yarradrt.au","AXONOPUS FISSIFOLIUS",5.475,5.4,4,0,-5.4,-1.475,-3.925
"673","allmendb.ch","HELIANTHEMUM NUMMULARIUM var. GRANDIFLORUM",4.583333333,5.416666667,6.25,10.83333333,5.416666663,1.666666667,3.749999996
"674","credom.au","STIPA NITIDA",0.75,5.5,0.5,4.125,-1.375,-0.25,-1.125
"675","elvadrt.ee","FESTUCA PRATENSIS",5,5.5,6.666666667,7.333333333,1.833333333,1.666666667,0.166666665999999
"676","jilpanger.au","CALYTRIX TETRAGONA",1,5.5,0.75,8.5,3,-0.25,3.25
"677","biddulph.ca","STIPA COMATA",3.5,5.5,12.5,14.5,9,9,0
"678","scruzl.us","RAPHANUS SATIVUS",3.5,5.6,34.96364396,61.0981501,55.4981501,31.46364396,24.03450614
"679","lygraint.no","RHYTIDIADELPHUS LOREUS",2,5.666666667,1,1,-4.666666667,-1,-3.666666667
"680","elvadrt.ee","LEONTODON HISPIDUS",13.33333333,5.666666667,6.333333333,4,-1.666666667,-6.999999997,5.33333333
"681","cowidrt.ca","CYTISUS SCOPARIUS",5.5,5.666666667,3,0,-5.666666667,-2.5,-3.166666667
"682","capwhite.us","LEPIDIUM LASIOCARPUM",9.714285714,5.714285714,0,0,-5.714285714,-9.714285714,4
"683","cedartrait.us","DALEA VILLOSA",10.33333333,5.75,3.166666667,3,-2.75,-7.166666663,4.416666663
"684","allmendo.ch","BRACHYPODIUM PINNATUM",6.25,5.833333333,3.583333333,6.083333333,0.25,-2.666666667,2.916666667
"685","allmendb.ch","HIPPOCREPIS COMOSA",7.5,5.833333333,12.5,10.41666667,4.583333337,5,-0.416666663
"686","sclaudio.ar","SORGHUM HALEPENSE",5.333333333,5.833333333,10,15.25,9.416666667,4.666666667,4.75
"687","elvadrt.ee","POTENTILLA ANSERINA",1,6,1,1,-5,0,-5
"688","lygraold.no","MOLINIA CAERULEA",6,6,8,1.5,-4.5,2,-6.5
"689","quilpie.au","SCLEROLAENA DIACANTHA",3,6,3,3,-3,0,-3
"690","elvadrt.ee","LUZULA MULTIFLORA",5.666666667,6,2,3,-3,-3.666666667,0.666666667
"691","sand.us","PINUS PALUSTRIS",1,6,1.666666667,3.666666667,-2.333333333,0.666666667,-3
"692","lygraint.no","ERICA TETRALIX",8,6,5.5,5.5,-0.5,-2.5,2
"693","cedarsav.us","COREOPSIS PALMATA",11,6,27.5,6.666666667,0.666666667,16.5,-15.833333333
"694","lygraold.no","ERICA TETRALIX",7,6,10.5,10,4,3.5,0.5
"695","scruzl.us","VULPIA MYUROS",6,6,31.55694768,22.72727275,16.72727275,25.55694768,-8.82967493
"696","sand.us","PANICUM ACUMINATUM",7,6,0,0,-6,-7,1
"697","cerrillos.ar","CORDOBIA ARGENTEA",20.005,6.043333333,16.46333333,8.753333333,2.71,-3.54166667,6.25166667
"698","allmendb.ch","SANGUISORBA MINOR",4.5,6.083333333,2.666666667,2.5,-3.583333333,-1.833333333,-1.75
"699","allmendb.ch","CENTAUREA SCABIOSA",5.5,6.083333333,5.166666667,7.25,1.166666667,-0.333333333,1.5
"700","cowidrt.ca","DACTYLIS GLOMERATA",13.8,6.2,6.75,4.25,-1.95,-7.05,5.1
"701","sevblack.us","SALSOLA KALI",0,6.25,4.05,0.65,-5.6,4.05,-9.65
"702","marcdrt.ar","AMBROSIA TENUIFOLIA",18.25,6.25,1.333333333,1,-5.25,-16.916666667,11.666666667
"703","allmendo.ch","LINUM CATHARTICUM",5.416666667,6.25,2.083333333,1.666666667,-4.583333333,-3.333333334,-1.249999999
"704","hard.us","ACHILLEA MILLEFOLIUM",0,6.25,1,2,-4.25,1,-5.25
"705","allmendo.ch","PRUNELLA VULGARIS",5.75,6.25,7.916666667,4.166666667,-2.083333333,2.166666667,-4.25
"706","paike.ar","NARDOPHYLLUM BRYOIDES",6.666666667,6.333333333,6.666666667,6.333333333,0,0,0
"707","rhijn.nl","ARRHENATHERUM ELATIUS",11.83333333,6.333333333,8.333333333,20,13.666666667,-3.499999997,17.166666664
"708","kernb.ca","FESTUCA ALTAICA",10.33333333,6.333333333,9,22.33333333,15.999999997,-1.33333333,17.333333327
"709","cedarsav.us","POA PRATENSIS",5.857142857,6.4,5.4,5.6,-0.800000000000001,-0.457142857,-0.342857143000001
"710","brookdale.ca","GALIUM BOREALE",6.5,6.5,1.283333333,1.333333333,-5.166666667,-5.216666667,0.0499999999999998
"711","marcdrt.ar","LATHYRUS CRASSIPES",2,6.666666667,7,1,-5.666666667,5,-10.666666667
"712","brookdale.ca","THALICTRUM VENULOSUM",5,6.666666667,1,1.75,-4.916666667,-4,-0.916666667
"713","matador.ca","PASCOPYRUM SMITHII",3.333333333,6.666666667,3.666666667,5.333333333,-1.333333334,0.333333334,-1.666666668
"714","milparinka.au","RHODANTHE FLORIBUNDA",4.666666667,6.666666667,0,0,-6.666666667,-4.666666667,-2
"715","rhijn.nl","ANTHOXANTHUM ODORATUM",6.666666667,6.666666667,8.75,0,-6.666666667,2.083333333,-8.75
"716","sevmixed.us","CHONDROSUM GRACILE",7.833333333,6.8,4.975,1.65,-5.15,-2.858333333,-2.291666667
"717","credoj.au","STIPA NITIDA",0.5,6.833333333,0.5,8.5,1.666666667,0,1.666666667
"718","oreaa.us","ELYMUS ELYMOIDES",3,6.9,3.75,7.7,0.8,0.75,0.0499999999999998
"719","oreaa.us","FESTUCA IDAHOENSIS",16.5,6.9,7.7,9.1,2.2,-8.8,11
"720","sevmixed.us","HILARIA JAMESII",5.4,6.925,3.314285714,0.85,-6.075,-2.085714286,-3.989285714
"721","baddrt.de","EPILOBIUM TETRAGONUM",5.7,7,0.812,0.8,-6.2,-4.888,-1.312
"722","baddrt.de","APERA SPICA-VENTI",1.775,7,4.7625,9.366666667,2.366666667,2.9875,-0.620833333
"723","lygraold.no","TRICHOPHORUM CESPITOSUM",4,7,12.5,12.5,5.5,8.5,-3
"724","rhijn.nl","DACTYLIS GLOMERATA",7,7,15.83333333,20,13,8.83333333,4.16666667
"725","cowidrt.ca","ANTHOXANTHUM ODORATUM",8.5,7.2,3.333333333,3.4,-3.8,-5.166666667,1.366666667
"726","allmendo.ch","FESTUCA OVINA",7.083333333,7.25,5.416666667,7.083333333,-0.166666667,-1.666666666,1.499999999
"727","purdue.us","SYMPHYOTRICHUM PILOSUM",9.2,7.25,7.2,7.5,0.25,-2,2.25
"728","matador.ca","NASSELLA VIRIDULA",10.66666667,7.333333333,22.66666667,18.66666667,11.333333337,12,-0.666666662999999
"729","cedartrait.us","SCHIZACHYRIUM SCOPARIUM",9.555555556,7.4,10.11111111,6,-1.4,0.555555554,-1.955555554
"730","elvadrt.ee","HELICTOTRICHON PUBESCENS",4,7.5,1.333333333,1.5,-6,-2.666666667,-3.333333333
"731","cedartrait.us","SORGHASTRUM NUTANS",6.6,7.5,15,2,-5.5,8.4,-13.9
"732","sand.us","SCHIZACHYRIUM SCOPARIUM",6,7.5,14,9,1.5,8,-6.5
"733","elvadrt.ee","ANTHOXANTHUM ODORATUM",1.666666667,7.666666667,1.333333333,1.5,-6.166666667,-0.333333334,-5.833333333
"734","lygraint.no","PLEUROZIUM SCHREBERI",10.66666667,7.666666667,24.66666667,8,0.333333333,14,-13.666666667
"735","lygraint.no","TRICHOPHORUM CESPITOSUM",4.666666667,7.666666667,6.5,11,3.333333333,1.833333333,1.5
"736","yarradrt.au","HYPOCHAERIS RADICATA",14.565,7.966666667,1,1,-6.966666667,-13.565,6.598333333
"737","esw.ca","SYMPHYOTRICHUM LANCEOLATUM",12.5,8,3,1,-7,-9.5,2.5
"738","cedarsav.us","EUTHAMIA GRAMINIFOLIA",5.5,8,4.333333333,4,-4,-1.166666667,-2.833333333
"739","sand.us","EUPHORBIA PUBENTISSIMA",12,8,3.666666667,5,-3,-8.333333333,5.333333333
"740","kernnu.ca","GALIUM BOREALE",2,8,1,8,0,-1,1
"741","lygraold.no","VACCINIUM MYRTILLUS",2,8,3,15,7,1,6
"742","matador.ca","KRASCHENINNIKOVIA LANATA",1.5,8,5.333333333,21,13,3.833333333,9.166666667
"743","cerrillos.ar","GOUINIA PARAGUAYENSIS",2.505,8.13,2.815,7.5,-0.630000000000001,0.31,-0.940000000000001
"744","nnss.us","AMBROSIA DUMOSA",9.93746907,8.48419605,7.60434813,4.71178322,-3.77241283,-2.33312094,-1.43929189
"745","brookdale.ca","ROSA ACICULARIS",8.666666667,8.5,1.516666667,1.566666667,-6.933333333,-7.15,0.216666666999999
"746","cedartrait.us","PETALOSTEMON PURPUREUS",9.1,8.7,5.777777778,5.666666667,-3.033333333,-3.322222222,0.288888889000001
"747","ciempoz.es","THYMUS VULGARIS",8.98,8.71,8.52375,7.914166667,-0.795833333000001,-0.456250000000001,-0.339583333
"748","baddrt.de","TARAXACUM TARAXACUM",7.25,8.75,2.24,7.06,-1.69,-5.01,3.32
"749","kiskun.hu","STIPA PENNATA",9.6,8.8,8.4,6.2,-2.6,-1.2,-1.4
"750","brookdale.ca","ANDROPOGON GERARDII",19.83333333,9,2.875,2.611111111,-6.388888889,-16.95833333,10.569444441
"751","cedartrait.us","LESPEDEZA CAPITATA",5.3,9,2.333333333,2.75,-6.25,-2.966666667,-3.283333333
"752","ukulingadrt.za","HETEROPOGON CONTORTUS",11.5,9,0,6,-3,-11.5,8.5
"753","cedartrait.us","SOLIDAGO RIGIDA",12.33333333,9,20,9,0,7.66666667,-7.66666667
"754","lygraold.no","VACCINIUM VITIS-IDAEA",4.666666667,9,4.333333333,10.33333333,1.33333333,-0.333333334000001,1.666666664
"755","sand.us","PITYOPSIS ASPERA",9,9,6,12.66666667,3.66666667,-3,6.66666667
"756","cedartrait.us","COREOPSIS PALMATA",17.25,9,25,13,4,7.75,-3.75
"757","brookdale.ca","ARTEMISIA LUDOVICIANA",12,9.166666667,1.25,1.95,-7.216666667,-10.75,3.533333333
"758","brookdale.ca","ANEMONASTRUM CANADENSE",6.944444444,9.166666667,2,2.4375,-6.729166667,-4.944444444,-1.784722223
"759","allmendb.ch","PRUNELLA VULGARIS",13.58333333,9.166666667,17.83333333,14.08333333,4.916666663,4.25,0.666666663000003
"760","cedarsav.us","AMORPHA CANESCENS",9.5,9.333333333,2.333333333,6.75,-2.583333333,-7.166666667,4.583333334
"761","lygraint.no","VACCINIUM VITIS-IDAEA",12.66666667,9.333333333,13,7,-2.333333333,0.33333333,-2.666666663
"762","scruzm.us","BRIZA MAXIMA",6.44743045,9.407574067,2.45535715,3.6697248,-5.737849267,-3.9920733,-1.745775967
"763","cedarsav.us","AMBROSIA PSILOSTACHYA",4.666666667,9.5,0,0,-9.5,-4.666666667,-4.833333333
"764","cedarsav.us","ANDROPOGON GERARDII",7.666666667,9.75,17.14285714,8.8,-0.949999999999999,9.476190473,-10.426190473
"765","allmendb.ch","BRACHYPODIUM PINNATUM",12,9.75,18.58333333,13,3.25,6.58333333,-3.33333333
"766","cmss.us","ASTRAGALUS MISER",2,10,6.333333333,2,-8,4.333333333,-12.333333333
"767","cerrillos.ar","SETARIA PAMPEANA",14.16666667,10,20.00333333,3.75,-6.25,5.83666666,-12.08666666
"768","rhijn.nl","PLANTAGO LANCEOLATA",12.5,10,5.833333333,4,-6,-6.666666667,0.666666667
"769","teshio.jp","PHALARIS ARUNDINACEA",40,10,25,12.5,2.5,-15,17.5
"770","milparinka.au","SCLEROLAENA ERIACANTHA",1,10,0,0,-10,-1,-9
"771","cobar.au","HORDEUM MURINUM",3,10,0,0,-10,-3,-7
"772","naposta.ar","STIPA CAUDATA",10,10,0,0,-10,-10,0
"773","cdpt_drt.us","PSORALIDIUM TENUIFLORUM",0.3,10.2,1.666666667,6.366666667,-3.833333333,1.366666667,-5.2
"774","kiskun.hu","FESTUCA VAGINATA",12,10.2,17.4,17.6,7.4,5.4,2
"775","sand.us","VACCINIUM TENELLUM",12.33333333,10.5,15.66666667,23.5,13,3.33333334,9.66666666
"776","rhijn.nl","VERONICA CHAMAEDRYS",3.666666667,10.66666667,2,4,-6.66666667,-1.666666667,-5.000000003
"777","ukulingadrt.za","DIHETEROPOGON AMPLECTENS",8,10.66666667,3,5,-5.66666667,-5,-0.66666667
"778","cdpt_drt.us","BOUTELOUA GRACILIS",11.66666667,10.66666667,15,12.83333333,2.16666666,3.33333333,-1.16666667
"779","purdue.us","SYMPHYOTRICHUM NOVAE-ANGLIAE",14.85714286,10.75,16.71428571,16.66666667,5.91666667,1.85714285,4.05952382
"780","cdpt_drt.us","HESPEROSTIPA COMATA",13.66666667,10.83333333,10.16666667,15.5,4.66666667,-3.5,8.16666667
"781","credoj.au","SIDA INTRICATA",1.25,11,0,0.5,-10.5,-1.25,-9.25
"782","brookdale.ca","HELIOPSIS HELIANTHOIDES",16.875,11,0,2,-9,-16.875,7.875
"783","nplatte.us","POA SECUNDA",0,11,2,2,-9,2,-11
"784","cowidrt.ca","SYMPHORICARPOS ALBUS",16.25,11,10.5,7.8,-3.2,-5.75,2.55
"785","cedartrait.us","MONARDA FISTULOSA",3,11,2,8,-3,-1,-2
"786","sand.us","CARPHEPHORUS BELLIDIFOLIUS",0,11,7,10,-1,7,-8
"787","cedartrait.us","ROSA ARKANSANA",9,11,12,15,4,3,1
"788","kernnu.ca","FESTUCA ALTAICA",10.33333333,11,48.33333333,28.33333333,17.33333333,38,-20.66666667
"789","ethadb.au","TRIODIA BASEDOWII",7,11,36,31.5,20.5,29,-8.5
"790","purdue.us","SOLIDAGO SPECIOSA",19,11,5,0,-11,-14,3
"791","brookdale.ca","BROMUS INERMIS",9.666666667,11.25,3.1,3.65,-7.6,-6.566666667,-1.033333333
"792","sand.us","CHAMAECRISTA FASCICULATA",10,11.5,0,0,-11.5,-10,-1.5
"793","esw.ca","TRIFOLIUM PRATENSE",10.33333333,11.66666667,3,12.33333333,0.666666660000001,-7.33333333,7.99999999
"794","ukulingadrt.za","CYMBOPOGON CAESIUS",9,12,8.166666667,6.5,-5.5,-0.833333333000001,-4.666666667
"795","cedartrait.us","SOLIDAGO NEMORALIS",10.14285714,12,10,7,-5,-0.14285714,-4.85714286
"796","sand.us","SYMPHYOTRICHUM WALTERI",12,12,13,0,-12,1,-13
"797","mattheis.ca","KOELERIA MACRANTHA",5.5,12.33333333,23.75,10,-2.33333333,18.25,-20.58333333
"798","kernb.ca","ARTEMISIA LUDOVICIANA",1,12.5,1,3,-9.5,0,-9.5
"799","quilpie.au","CENTIPEDA CUNNINGHAMII",8,12.5,4,3.333333333,-9.166666667,-4,-5.166666667
"800","cdpt_drt.us","ARTEMISIA FRIGIDA",6.2,12.5,4.666666667,11.5,-1,-1.533333333,0.533333333
"801","elvadrt.ee","FRAGARIA VESCA",14.33333333,12.5,14,12.33333333,-0.16666667,-0.33333333,0.166666660000001
"802","brokenh.au","LEMOORIA BURKITTII",3,12.5,0,0,-12.5,-3,-9.5
"803","brookdale.ca","SONCHUS ASPER",12.33333333,12.5,0,0,-12.5,-12.33333333,-0.16666667
"804","baddrt.de","CIRSIUM ARVENSE",10.5,12.6,3.277777778,3.3,-9.3,-7.222222222,-2.077777778
"805","paike.ar","POA SPICIFORMIS",15,12.66666667,15.33333333,12.33333333,-0.333333339999999,0.33333333,-0.66666667
"806","teshio.jp","ANTHOXANTHUM ODORATUM",12.9,12.75,16.66666667,14.5,1.75,3.76666667,-2.01666667
"807","konzadrt.us","AMBROSIA PSILOSTACHYA",6.6,13,21.6,11.8,-1.2,15,-16.2
"808","brookdale.ca","SYMPHORICARPOS OCCIDENTALIS",17.5,13,0,0,-13,-17.5,4.5
"809","nnss.us","LARREA TRIDENTATA",15.55434442,13.27009487,13.51947492,10.55421877,-2.7158761,-2.0348695,-0.6810066
"810","cedartrait.us","LIATRIS ASPERA",8.555555556,13.5,8.428571429,11.8,-1.7,-0.126984127,-1.573015873
"811","sevblack.us","GUTIERREZIA SAROTHRAE",6.125,13.5,18.25,20,6.5,12.125,-5.625
"812","sand.us","PTERIDIUM AQUILINUM",23.33333333,14,21.33333333,4.5,-9.5,-2,-7.5
"813","cdpt_drt.us","KOELERIA MACRANTHA",0,14,10,12,-2,10,-12
"814","sand.us","CHRYSOPSIS MARIANA",2.5,14,6,26.5,12.5,3.5,9
"815","cerrillos.ar","PAPPOPHORUM KRAPOVICKASII",0.63,14.17,0.836666667,17.50333333,3.33333333,0.206666667,3.126666663
"816","allmendb.ch","TEUCRIUM CHAMAEDRYS",0.5,14.75,1,5.75,-9,0.5,-9.5
"817","elvadrt.ee","TRIFOLIUM REPENS",1,15,1,2,-13,0,-13
"818","lygraold.no","PLEUROZIUM SCHREBERI",12.33333333,15,14,2.333333333,-12.666666667,1.66666667,-14.333333337
"819","elvadrt.ee","DACTYLIS GLOMERATA",16.66666667,15,11.66666667,11.66666667,-3.33333333,-5,1.66666667
"820","cedarsav.us","QUERCUS MACROCARPA",10,15,6,15,0,-4,4
"821","credoj.au","ERAGROSTIS DIELSII",5,15,1,0,-15,-4,-11
"822","jrnchi.us","CHONDROSUM ERIOPODUM",14.49760331,15.41230289,4.50248912,0.781912217,-14.630390673,-9.99511419,-4.635276483
"823","ciempoz.es","LEPIDIUM SUBULATUM",16.40857143,15.48,15.94071429,12.93785714,-2.54214286,-0.467857139999998,-2.07428572
"824","allmendo.ch","CAREX CARYOPHYLLEA",14.16666667,15.75,12.41666667,14.16666667,-1.58333333,-1.75,0.16666667
"825","cedarsav.us","SCHIZACHYRIUM SCOPARIUM",14.28571429,16,20.625,17,1,6.33928571,-5.33928571
"826","credoj.au","ENNEAPOGON CAERULESCENS",17,16.5,8.4,7.333333333,-9.166666667,-8.6,-0.566666667000002
"827","allmendo.ch","BROMUS ERECTUS",17.25,16.5,22.83333333,15.66666667,-0.83333333,5.58333333,-6.41666666
"828","allmendb.ch","CAREX CARYOPHYLLEA",10.75,16.5,10.83333333,16.5,0,0.0833333300000003,-0.0833333300000003
"829","naposta.ar","NASSELLA TRICHOTOMA",10,16.66666667,20,25,8.33333333,10,-1.66666667
"830","naposta.ar","BROMUS CATHARTICUS",13.33333333,16.66666667,15,0,-16.66666667,1.66666667,-18.33333334
"831","sevblue.us","CHONDROSUM GRACILE",20.80714286,16.71428571,14.34428571,9.428571429,-7.285714281,-6.46285715,-0.822857130999999
"832","purdue.us","DESMODIUM ILLINOENSE",10.57142857,17,13,19.75,2.75,2.42857143,0.32142857
"833","marcdrt.ar","VERONICA PEREGRINA",25,17,0,0,-17,-25,8
"834","cerrillos.ar","LARREA DIVARICATA",36.04333333,17.08666667,32.29333333,19.50333333,2.41666666,-3.75,6.16666666
"835","cedarsav.us","SORGHASTRUM NUTANS",23.5,17.2,12.5,25,7.8,-11,18.8
"836","konzadrt.us","SPOROBOLUS COMPOSITUS",14.8,17.2,0,0,-17.2,-14.8,-2.4
"837","brookdale.ca","CIRSIUM ARVENSE",17.66666667,17.5,1.9,2.133333333,-15.366666667,-15.76666667,0.400000003000001
"838","milparinka.au","ASTREBLA LAPPACEA",25,17.5,21,21,3.5,-4,7.5
"839","ebro.es","ROSMARINUS OFFICINALIS",24.42157667,17.94057222,24.49804518,19.75746422,1.816892,0.076468509999998,1.74042349
"840","marcdrt.ar","SPARTINA DENSIFLORA",18.75,18,15,23,5,-3.75,8.75
"841","mattheis.ca","BOUTELOUA GRACILIS",15.4,18,25,26,8,9.6,-1.6
"842","scruzh.us","BRIZA MAXIMA",7.50628706,18.0385227,26.74486566,39.30012252,21.26159982,19.2385786,2.02302122
"843","purdue.us","ALCHEMILLA IDAEUS",10.66666667,18.25,28,37.5,19.25,17.33333333,1.91666667
"844","quilpie.au","ABUTILON HALOPHILUM",21.66666667,18.33333333,5.666666667,5,-13.33333333,-16.000000003,2.666666673
"845","brookdale.ca","GLYCYRRHIZA LEPIDOTA",25.16666667,18.5,4.35,3.75,-14.75,-20.81666667,6.06666667
"846","octc.us","ARTEMISIA TRIDENTATA",16.81173785,18.96621009,16.27758363,16.77924463,-2.18696546,-0.534154220000001,-1.65281124
"847","cowidrt.ca","MELICA SUBULATA",9.333333333,19,8.333333333,17.5,-1.5,-1,-0.5
"848","sevmixed.us","CHONDROSUM ERIOPODUM",12.69285714,19.17857143,11.41428571,7.342857143,-11.835714287,-1.27857143,-10.557142857
"849","rhijn.nl","GALIUM MOLLUGO",22,19.66666667,25.83333333,25,5.33333333,3.83333333,1.5
"850","cmss.us","SEDUM LANCEOLATUM",14,20,2,2,-18,-12,-6
"851","sevblue.us","CHONDROSUM ERIOPODUM",2.975,20,1.65,4.808333333,-15.191666667,-1.325,-13.866666667
"852","sand.us","PARTHENIUM INTEGRIFOLIUM",4,20,4,5,-15,0,-15
"853","brookdale.ca","CERASTIUM ARVENSE",15,20,0,0,-20,-15,-5
"854","cmss.us","ACHILLEA MILLEFOLIUM",0,20,2,0,-20,2,-22
"855","yarradrt.au","SETARIA PARVIFLORA",7.36,20.33333333,21.25,3.333333333,-16.999999997,13.89,-30.889999997
"856","cerrillos.ar","ARISTIDA MENDOCINA",17.19,20.42,11.67,19.37666667,-1.04333333,-5.52,4.47666667
"857","cdpt_drt.us","CAREX FILIFOLIA",20.16666667,20.5,18.5,19.16666667,-1.33333333,-1.66666667,0.333333340000003
"858","passogavia.it","SOLDANELLA PUSILLA",16.7,20.6,10.08,13.6,-7,-6.62,-0.380000000000003
"859","cobar.au","MEDICAGO LACINIATA",16.66666667,20.66666667,0,0,-20.66666667,-16.66666667,-4
"860","jrnchi.us","PROSOPIS GLANDULOSA",19.93100379,20.85139756,23.87850584,25.76329583,4.91189827,3.94750205,0.964396220000001
"861","mattheis.ca","ARTEMISIA FRIGIDA",32,21,15,17.6,-3.4,-17,13.6
"862","nplatte.us","BOUTELOUA GRACILIS",32.5,21,7.571428571,20.8,-0.199999999999999,-24.928571429,24.728571429
"863","mattheis.ca","HESPEROSTIPA COMATA",16,21.25,20,21,-0.25,4,-4.25
"864","konzadrt.us","BOUTELOUA CURTIPENDULA",18,21.5,2,3.5,-18,-16,-2
"865","elvadrt.ee","MEDICAGO LUPULINA",25,21.66666667,7.333333333,3,-18.66666667,-17.666666667,-1.000000003
"866","sevblack.us","CHONDROSUM ERIOPODUM",19.40714286,22.14285714,18.09285714,7.428571429,-14.714285711,-1.31428572,-13.399999991
"867","baddrt.de","PICRIS HIERACIOIDES",33.7,23.2,63,48,24.8,29.3,-4.5
"868","elvadrt.ee","BRIZA MEDIA",21.66666667,23.33333333,23.33333333,25,1.66666667,1.66666666,1.00000043801174e-08
"869","sand.us","ARISTIDA STRICTA",14,23.33333333,26.66666667,27,3.66666667,12.66666667,-9
"870","lygraold.no","HYLOCOMIUM SPLENDENS",23.33333333,23.66666667,17.33333333,40,16.33333333,-6,22.33333333
"871","gmmolar.us","SCHISMUS BARBATUS",23.42857143,24.71428571,1,0,-24.71428571,-22.42857143,-2.28571428
"872","cmss.us","EREMOGONE CONGESTA",3.5,25,2,5,-20,-1.5,-18.5
"873","marcdrt.ar","AGROSTIS MONTEVIDENSIS",20,25,8,5.5,-19.5,-12,-7.5
"874","rhijn.nl","CENTAUREA JACEA",1,25,7,6.5,-18.5,6,-24.5
"875","hoide.de","SALIX REPENS",1,25,1,15,-10,0,-10
"876","hard.us","CHRYSOTHAMNUS VISCIDIFLORUS",16.66666667,25,9,19,-6,-7.66666667,1.66666667
"877","milparinka.au","ASTREBLA PECTINATA",19,25,21,21,-4,2,-6
"878","nplatte.us","ARTEMISIA TRIDENTATA",0,25,10,0,-25,10,-35
"879","allmendb.ch","BROMUS ERECTUS",18,26.25,17.25,22.08333333,-4.16666667,-0.75,-3.41666667
"880","paike.ar","STIPA SPECIOSA",21.33333333,27,21.66666667,27,0,0.333333340000003,-0.333333340000003
"881","purdue.us","ANDROPOGON GERARDII",27.375,27.375,18.75,26.66666667,-0.708333329999999,-8.625,7.91666667
"882","octc.us","POA SECUNDA",33.00967403,28.77115968,16.50442414,14.82465954,-13.94650014,-16.50524989,2.55874975
"883","marcdrt.ar","FESTUCA ARUNDINACEA",46.66666667,29,60,71.25,42.25,13.33333333,28.91666667
"884","konzadrt.us","SYMPHYOTRICHUM ERICOIDES",43,29.6,36.6,35,5.4,-6.4,11.8
"885","jorndrt.us","CHONDROSUM ERIOPODUM",39.33333333,29.66666667,31.66666667,27.33333333,-2.33333334,-7.66666666,5.33333332
"886","brookdale.ca","SOLIDAGO CANADENSIS",27,30,2.4,2.9,-27.1,-24.6,-2.5
"887","ukulingadrt.za","THEMEDA TRIANDRA",31.66666667,30,11.33333333,15,-15,-20.33333334,5.33333334
"888","passogavia.it","LIGUSTICUM MUTELLINA",14.5,30,12,46,16,-2.5,18.5
"889","purdue.us","LOTUS CORNICULATUS",36.25,30.5,10,0,-30.5,-26.25,-4.25
"890","scruzl.us","AVENA BARBATA",41,30.6,5.472445967,1.2195122,-29.3804878,-35.527554033,6.147066233
"891","oreaa.us","ARTEMISIA ARBUSCULA",26.33333333,30.6,13.83333333,12.2,-18.4,-12.5,-5.9
"892","capwhite.us","SCHISMUS ARABICUS",24.71428571,32,35.71428571,7.714285714,-24.285714286,11,-35.285714286
"893","falls.au","POA HIEMATA",37.5,33.33333333,45.83333333,41.66666667,8.33333334,8.33333333,9.99999372197635e-09
"894","scruzh.us","VULPIA MYUROS",4.8543689,33.49501327,29.64858413,4.135648425,-29.359364845,24.79421523,-54.153580075
"895","hard.us","PSEUDOROEGNERIA SPICATA",25,34.375,9,1,-33.375,-16,-17.375
"896","scruzh.us","DANTHONIA CALIFORNICA",29.33366554,34.76109185,0,15.1898734,-19.57121845,-29.33366554,9.76244709
"897","charleville.au","EREMOPHILA GILESII",41.66666667,35,45,46.66666667,11.66666667,3.33333333,8.33333334
"898","cobar.au","HYALOSPERMA SEMISTERILE",43.33333333,35,0,0,-35,-43.33333333,8.33333333
"899","yarradrt.au","EHRHARTA STIPOIDES",8.47,35.45,10.75,61.25,25.8,2.28,23.52
"900","rhijn.nl","FESTUCA RUBRA",43.33333333,36.66666667,40,25,-11.66666667,-3.33333333,-8.33333334
"901","chacra.ar","NASSELLA LONGIGLUMIS",21.66666667,36.66666667,50,36.66666667,0,28.33333333,-28.33333333
"902","ethadn.au","TRIODIA BASEDOWII",34.66666667,37,49.33333333,49.33333333,12.33333333,14.66666666,-2.33333333
"903","purdue.us","SOLIDAGO CANADENSIS",28.125,37.75,78.75,72.5,34.75,50.625,-15.875
"904","nplatte.us","BROMUS TECTORUM",13.2,40.33333333,6.333333333,14.14285714,-26.19047619,-6.866666667,-19.323809523
"905","lygraint.no","HYLOCOMIUM SPLENDENS",27.33333333,40.5,7.666666667,27.33333333,-13.16666667,-19.666666663,6.499999993
"906","konzadrt.us","ANDROPOGON GERARDII",43.2,41,50,53.6,12.6,6.8,5.8
"907","scruzh.us","STIPA PULCHRA",35.45813537,41.73103135,27.69133725,8.2963652,-33.43466615,-7.76679812,-25.66786803
"908","nplatte.us","CAREX FILIFOLIA",36.125,41.875,14,18.125,-23.75,-22.125,-1.625
"909","ukulingadrt.za","TRISTACHYA LEUCOTHRIX",46.66666667,42,30.5,46.66666667,4.66666667,-16.16666667,20.83333334
"910","teshio.jp","JUNCUS EFFUSUS",2,45,3,8,-37,1,-38
"911","passogavia.it","CAREX CURVULA",47.6,47.4,40.6,42,-5.4,-7,1.6
"912","passogavia.it","ALCHEMILLA PENTAPHYLLEA",32.6,48.6,35,53.8,5.2,2.4,2.8
"913","falls.au","CELMISIA COSTINIANA",43.33333333,50,43.33333333,48.33333333,-1.66666667,0,-1.66666667
"914","kranz.de","FAGUS SYLVATICA",50,50,50,50,0,0,0
"915","kranz.de","PICEA ABIES",50,50,50,50,0,0,0
"916","lygraint.no","HYPNUM JUTLANDICUM",55,51.66666667,45.33333333,37,-14.66666667,-9.66666667,-5
"917","baddrt.de","CREPIS BIENNIS",40.7,52,4.857142857,6.5,-45.5,-35.842857143,-9.657142857
"918","oreac.us","ARTEMISIA CANA",30,52.5,21.25,34.5,-18,-8.75,-9.25
"919","lygraold.no","HYPNUM JUTLANDICUM",55,53.33333333,53.33333333,45,-8.33333333,-1.66666667,-6.66666666
"920","teshio.jp","CALAMAGROSTIS EPIGEIOS",61.66666667,53.5,60.3,57.1,3.6,-1.36666667,4.96666667
"921","scruzl.us","BROMUS DIANDRUS",36.2,55.6,11.6161616,1.2195122,-54.3804878,-24.5838384,-29.7966494
"922","yarradrt.au","CYNODON DACTYLON",62.625,55.925,51.25,47.5,-8.425,-11.375,2.95
"923","naposta.ar","NASSELLA NEESIANA",68.33333333,57.5,50,36.66666667,-20.83333333,-18.33333333,-2.5
"924","oreac.us","BROMUS JAPONICUS",15.7,58.5,3,13.1,-45.4,-12.7,-32.7
"925","esw.ca","SOLIDAGO CANADENSIS",68.33333333,60,50,27,-33,-18.33333333,-14.66666667
"926","brookdale.ca","POA PRATENSIS",66,61,6.55,6.25,-54.75,-59.45,4.7
"927","gmgranite.us","SCHISMUS BARBATUS",68.85714286,65.71428571,3.142857143,3.714285714,-61.999999996,-65.714285717,3.714285721
"928","lygraint.no","CALLUNA VULGARIS",81.66666667,68.33333333,84,78.33333333,10,2.33333333,7.66666667
"929","lygraold.no","CALLUNA VULGARIS",70,70,66.66666667,83.33333333,13.33333333,-3.33333333,16.66666666
"930","capmcd.us","SCHISMUS ARABICUS",71.42857143,70.28571429,33.85714286,25.14285714,-45.14285715,-37.57142857,-7.57142858
"931","hyide.de","CALLUNA VULGARIS",80,73.33333333,81.66666667,65.66666667,-7.66666666,1.66666667,-9.33333333
"932","hoide.de","CALLUNA VULGARIS",75,77.5,74.66666667,85,7.5,-0.333333330000002,7.83333333
"933","baddrt.de","VULPIA MYUROS",1.333333333,80,4.342857143,3.533333333,-76.466666667,3.00952381,-79.476190477
"934","scruzm.us","AVENA BARBATA",86.6924611,81.37091954,75.91367574,66.17974404,-15.1911755,-10.77878536,-4.41239014
"935","sclaudio.ar","FESTUCA ARUNDINACEA",94.75,100,68.75,78.75,-21.25,-26,4.75
"936","kiskun.hu","MEDICAGO MINIMA",0.01,0,0.1,0.01,0.01,0.09,-0.08
"937","kiskun.hu","ARENARIA SERPYLLIFOLIA",0.505,0,0.01,0.01,0.01,-0.495,0.505
"938","baddrt.de","POA TRIVIALIS",2,0,1.403333333,0.01,0.01,-0.596666667,0.606666667
"939","cdpt_drt.us","TRAGOPOGON DUBIUS",0.5,0,0,0.1,0.1,-0.5,0.6
"940","cdpt_drt.us","CHENOPODIUM ALBUM",0,0,0.1,0.1,0.1,0.1,0
"941","baddrt.de","SONCHUS OLERACEUS",0,0,0.3275,0.1,0.1,0.3275,-0.2275
"942","konzadrt.us","CAREX BREVIOR",0,0,2,0.1,0.1,2,-1.9
"943","nnss.us","PECTOCARYA RECURVATA",0,0,0.27364995,0.1355014,0.1355014,0.27364995,-0.13814855
"944","baddrt.de","SOLIDAGO CANADENSIS",4.25,0,0.2,0.15,0.15,-4.05,4.2
"945","jorndrt.us","TIDESTROMIA LANUGINOSA",0,0,2,0.2,0.2,2,-1.8
"946","ethadn.au","CALANDRINIA BALONENSIS",0,0,5.5,0.2,0.2,5.5,-5.3
"947","nnss.us","ERIOGONUM ANNUUM",0,0,0.6351886,0.203252,0.203252,0.6351886,-0.4319366
"948","allmendb.ch","CAREX FLACCA",4.25,0,4.375,0.25,0.25,0.125,0.125
"949","allmendb.ch","MEDICAGO LUPULINA",0,0,1,0.25,0.25,1,-0.75
"950","baddrt.de","PLANTAGO LANCEOLATA",0,0,0.05,0.3,0.3,0.05,0.25
"951","konzadrt.us","OXALIS STRICTA",0,0,1,0.4,0.4,1,-0.6
"952","credoj.au","CEPHALIPTERUM DRUMMONDII",0.5,0,0.5,0.5,0.5,0,0.5
"953","credom.au","MAIREANA CARNOSA",0.5,0,0.5,0.5,0.5,0,0.5
"954","gmgranite.us","BROMUS RUBENS",0.5,0,0.5,0.5,0.5,0,0.5
"955","gmgranite.us","ERIOPHYLLUM WALLACEI",0.5,0,0.5,0.5,0.5,0,0.5
"956","jilpanger.au","THYSANOTUS PATERSONII",0.5,0,0.5,0.5,0.5,0,0.5
"957","jilpanger.au","THYSANOTUS TUBEROSUS",0.5,0,0.5,0.5,0.5,0,0.5
"958","capmcd.us","ERODIUM TEXANUM",0.5,0,1,0.5,0.5,0.5,0
"959","capwhite.us","PECTOCARYA PLATYCARPA",0.5,0,1.25,0.5,0.5,0.75,-0.25
"960","credoj.au","EUPHORBIA DRUMMONDII",0.5,0,0,0.5,0.5,-0.5,1
"961","jilpanger.au","LEPIDOSPERMA CARPHOIDES",5,0,5,0.5,0.5,0,0.5
"962","kernb.ca","GALIUM BOREALE",5,0,8,0.5,0.5,3,-2.5
"963","baddrt.de","RUMEX CRISPUS",7,0,5,0.5,0.5,-2,2.5
"964","allmendo.ch","GYPSOPHILA REPENS",0,0,0.25,0.5,0.5,0.25,0.25
"965","capmcd.us","BROMUS RUBENS",0,0,0.5,0.5,0.5,0.5,0
"966","capwhite.us","CHORIZANTHE BREVICORNU",0,0,0.5,0.5,0.5,0.5,0
"967","capwhite.us","MONOPTILON BELLIOIDES",0,0,0.5,0.5,0.5,0.5,0
"968","credom.au","ISOETOPSIS GRAMINIFOLIA",0,0,0.5,0.5,0.5,0.5,0
"969","gmgranite.us","CRYPTANTHA PTEROCARYA",0,0,0.5,0.5,0.5,0.5,0
"970","gmgranite.us","PLAGIOBOTHRYS ARIZONICUS",0,0,0.625,0.5,0.5,0.625,-0.125
"971","capmcd.us","CHAENACTIS STEVIOIDES",0,0,1,0.5,0.5,1,-0.5
"972","matador.ca","TRAGOPOGON DUBIUS",0,0,2,0.5,0.5,2,-1.5
"973","nnss.us","PRENANTHELLA EXIGUA",0,0,0.9639069,0.5487245,0.5487245,0.9639069,-0.4151824
"974","capwhite.us","OTTLEYA STRIGOSA",0.5,0,0.5,0.6,0.6,0,0.6
"975","oreac.us","COLLINSIA PARVIFLORA",0.5,0,0.7,0.6,0.6,0.2,0.4
"976","gmmolar.us","CHAENACTIS STEVIOIDES",0,0,0.5,0.625,0.625,0.5,0.125
"977","cerrillos.ar","ERAGROSTIS ORTHOCLADA",0.63,0,4.38,0.63,0.63,3.75,-3.12
"978","capmcd.us","ASTRAGALUS NUTTALLIANUS",0,0,1,0.75,0.75,1,-0.25
"979","cdpt_drt.us","HELIANTHUS ANNUUS",0,0,0.5,0.866666667,0.866666667,0.5,0.366666667
"980","capwhite.us","ACMISPON MARITIMUS",0,0,1.25,0.875,0.875,1.25,-0.375
"981","yarradrt.au","DICHELACHNE CRINITA",0.1,0,1,1,1,0.9,0.1
"982","kernnu.ca","VICIA AMERICANA",0.5,0,0.666666667,1,1,0.166666667,0.833333333
"983","kernb.ca","SOLIDAGO MISSOURIENSIS",0.5,0,0.75,1,1,0.25,0.75
"984","oreaa.us","ALLIUM ACUMINATUM",0.5,0,0,1,1,-0.5,1.5
"985","cowidrt.ca","ACMISPON PARVIFLORUS",1,0,1,1,1,0,1
"986","naposta.ar","BACCHARIS ULICINA",1,0,1,1,1,0,1
"987","cobar.au","CALOTIS LAPPULACEA",1,0,1.333333333,1,1,0.333333333,0.666666667
"988","cobar.au","TRIPOGON LOLIIFORMIS",1,0,1.5,1,1,0.5,0.5
"989","spvdrt.ar","ERODIUM CICUTARIUM",1,0,2,1,1,1,0
"990","esw.ca","DAUCUS CAROTA",1,0,0,1,1,-1,2
"991","lygraint.no","PEDICULARIS SYLVATICA",1,0,0,1,1,-1,2
"992","oreac.us","VENTENATA DUBIA",2,0,3.833333333,1,1,1.833333333,-0.833333333
"993","marcdrt.ar","ACMELLA DECUMBENS",2.333333333,0,3,1,1,0.666666667,0.333333333
"994","marcdrt.ar","CAREX PHALAROIDES",3,0,1,1,1,-2,3
"995","ethadb.au","YAKIRRA AUSTRALIENSIS",4,0,4,1,1,0,1
"996","rhijn.nl","LATHYRUS PRATENSIS",4,0,0,1,1,-4,5
"997","sand.us","MORELLA CERIFERA",5,0,1,1,1,-4,5
"998","cdpt_drt.us","OPUNTIA POLYACANTHA",0,0,0.1,1,1,0.1,0.9
"999","baddrt.de","HYPOCHAERIS RADICATA",0,0,0.2,1,1,0.2,0.8
"1000","capmcd.us","OTTLEYA STRIGOSA",0,0,0.5,1,1,0.5,0.5
"1001","biddulph.ca","KOELERIA MACRANTHA",0,0,0.75,1,1,0.75,0.25
"1002","ethadb.au","TRACHYMENE GLAUCIFOLIA",0,0,0.75,1,1,0.75,0.25
"1003","brookdale.ca","LIATRIS LIGULISTYLIS",0,0,1,1,1,1,0
"1004","brookdale.ca","VIOLA ADUNCA",0,0,1,1,1,1,0
"1005","elvadrt.ee","AGROSTIS STOLONIFERA",0,0,1,1,1,1,0
"1006","elvadrt.ee","DAUCUS CAROTA",0,0,1,1,1,1,0
"1007","esw.ca","ELYMUS REPENS",0,0,1,1,1,1,0
"1008","esw.ca","GEUM CANADENSE",0,0,1,1,1,1,0
"1009","esw.ca","HOLOSTEUM UMBELLATUM",0,0,1,1,1,1,0
"1010","konzadrt.us","ERIGERON STRIGOSUS",0,0,1,1,1,1,0
"1011","mattheis.ca","ANDROSACE SEPTENTRIONALIS",0,0,1,1,1,1,0
"1012","naposta.ar","PAVONIA CYMBALARIA",0,0,1,1,1,1,0
"1013","naposta.ar","SOLANUM aethiopicum",0,0,1,1,1,1,0
"1014","brokenh.au","SIDA PETROPHILA",0,0,1.166666667,1,1,1.166666667,-0.166666667
"1015","milparinka.au","ERIOCHLOA PSEUDOACROTRICHA",0,0,1.5,1,1,1.5,-0.5
"1016","cowidrt.ca","ACER MACROPHYLLUM",0,0,2,1,1,2,-1
"1017","kernnu.ca","NASSELLA VIRIDULA",0,0,2,1,1,2,-1
"1018","sand.us","LESPEDEZA PROCUMBENS",0,0,8,1,1,8,-7
"1019","cerrillos.ar","ALLIONIA INCARNATA",0,0,0.94,1.25,1.25,0.94,0.31
"1020","brookdale.ca","HELIANTHUS PAUCIFLORUS",0,0,1.083333333,1.25,1.25,1.083333333,0.166666667
"1021","brookdale.ca","SYMPHYOTRICHUM ERICOIDES",0,0,4,1.25,1.25,4,-2.75
"1022","cerrillos.ar","COTTEA PAPPOPHOROIDES",0,0,8.126666667,1.25,1.25,8.126666667,-6.876666667
"1023","konzadrt.us","CAREX INOPS",0,0,2.62,1.275,1.275,2.62,-1.345
"1024","allmendb.ch","POLYGALA VULGARIS",0,0,2,1.416666667,1.416666667,2,-0.583333333
"1025","rhijn.nl","RUMEX ACETOSA",1,0,1.25,1.5,1.5,0.25,1.25
"1026","esw.ca","CIRSIUM ARVENSE",0,0,1,1.5,1.5,1,0.5
"1027","capmcd.us","EUPHORBIA POLYCARPA",0,0,2.75,1.5,1.5,2.75,-1.25
"1028","cedarsav.us","AMBROSIA ARTEMISIIFOLIA",0,0,8,1.5,1.5,8,-6.5
"1029","konzadrt.us","PANICUM CAPILLARE",0,0,9,1.5,1.5,9,-7.5
"1030","lygraint.no","CAREX PILULIFERA",1,0,2,1.666666667,1.666666667,1,0.666666667
"1031","brookdale.ca","LITHOSPERMUM CANESCENS",0,0,1,1.666666667,1.666666667,1,0.666666667
"1032","scruzm.us","LOLIUM PERENNE",1.1904762,0,3.6458333,1.8181818,1.8181818,2.4553571,-0.6371753
"1033","brookdale.ca","SYMPHORICARPOS ALBUS",0,0,2.55,1.85,1.85,2.55,-0.7
"1034","brookdale.ca","SONCHUS ARVENSIS",0,0,1.55,1.95,1.95,1.55,0.4
"1035","rhijn.nl","PRUNELLA VULGARIS",1,0,1.5,2,2,0.5,1.5
"1036","milparinka.au","SCLEROLAENA DIACANTHA",1,0,3,2,2,2,0
"1037","cowidrt.ca","DELPHINIUM MENZIESII",1.333333333,0,4.5,2,2,3.166666667,-1.166666667
"1038","yarradrt.au","COMMELINA CYANEA",2.17,0,2,2,2,-0.17,2.17
"1039","ukulingadrt.za","ACALYPHA ANGUSTATA",3,0,0,2,2,-3,5
"1040","konzadrt.us","RUELLIA HUMILIS",0,0,1,2,2,1,1
"1041","lygraold.no","LEUCOBRYUM GLAUCUM",0,0,1,2,2,1,1
"1042","cowidrt.ca","ERYTHRONIUM OREGONUM",0,0,1.5,2,2,1.5,0.5
"1043","nplatte.us","ALYSSUM DESERTORUM",0,0,2,2,2,2,0
"1044","nplatte.us","CYMOPTERUS GLOMERATUS",0,0,2,2,2,2,0
"1045","nplatte.us","PLANTAGO PATAGONICA",0,0,2,2,2,2,0
"1046","brookdale.ca","LATHYRUS OCHROLEUCUS",0,0,2.5,2.083333333,2.083333333,2.5,-0.416666667
"1047","cerrillos.ar","SIDA ARGENTINA",0,0,3.96,2.086666667,2.086666667,3.96,-1.873333333
"1048","konzadrt.us","CAREX MEADII",0,0,3,2.333333333,2.333333333,3,-0.666666667
"1049","sand.us","GALACTIA ERECTA",0,0,1,2.5,2.5,1,1.5
"1050","credoj.au","VITTADINIA HUMERATA",0,0,0.5,2.75,2.75,0.5,2.25
"1051","konzadrt.us","DICHANTHELIUM OLIGOSANTHES",0,0,2.6,2.8,2.8,2.6,0.2
"1052","konzadrt.us","ASCLEPIAS VIRIDIS",0,0,1.033333333,3,3,1.033333333,1.966666667
"1053","hard.us","THLASPI ARVENSE",0,0,1.666666667,3,3,1.666666667,1.333333333
"1054","lygraold.no","PLAGIOTHECIUM UNDULATUM",0,0,2.333333333,3,3,2.333333333,0.666666667
"1055","ukulingadrt.za","CRABBEA SQUARROSA",0,0,3,3,3,3,0
"1056","ukulingadrt.za","TRAGIA MEYERIANA",0,0,3.5,3,3,3.5,-0.5
"1057","teshio.jp","TRIFOLIUM REPENS",0,0,3.666666667,3,3,3.666666667,-0.666666667
"1058","naposta.ar","LACTUCA SERRIOLA",0,0,5,3,3,5,-2
"1059","esw.ca","POA COMPRESSA",0,0,5.5,3,3,5.5,-2.5
"1060","quilpie.au","SCLEROLAENA ERIACANTHA",0,0,4,3.333333333,3.333333333,4,-0.666666667
"1061","mattheis.ca","TARAXACUM TARAXACUM",0,0,10,3.5,3.5,10,-6.5
"1062","spvdrt.ar","FACELIS RETUSA",0,0,6.666666667,3.666666667,3.666666667,6.666666667,-3
"1063","ukulingadrt.za","HELICHRYSUM NUDIFOLIUM",1,0,0,4,4,-1,5
"1064","cedartrait.us","PANICUM VIRGATUM",0,0,1,4,4,1,3
"1065","ukulingadrt.za","SENECIO RETRORSUS",0,0,5.5,4,4,5.5,-1.5
"1066","ukulingadrt.za","PENTANISIA ANGUSTIFOLIA",0,0,11.5,4,4,11.5,-7.5
"1067","cedarsav.us","LITHOSPERMUM CANESCENS",2.5,0,3,4.333333333,4.333333333,0.5,3.833333333
"1068","ukulingadrt.za","SPERMACOCE NATALENSIS",1,0,14,5,5,13,-8
"1069","marcdrt.ar","PHYLA NODIFLORA",2,0,0,5,5,-2,7
"1070","cmss.us","CERASTIUM ARVENSE",0,0,2,5,5,2,3
"1071","hard.us","BROMUS TECTORUM",0,0,2,5,5,2,3
"1072","biddulph.ca","HELICTOTRICHON HOOKERI",0,0,5,5,5,5,0
"1073","cedarsav.us","CALAMOVILFA LONGIFOLIA",0,0,5,5,5,5,0
"1074","ukulingadrt.za","SENECIO DELTOIDEUS",0,0,5,5.5,5.5,5,0.5
"1075","hard.us","KOELERIA MACRANTHA",0,0,5.5,5.5,5.5,5.5,0
"1076","scruzh.us","ANAGALLIS ARVENSIS",2.3255814,0,4.516493875,5.6818182,5.6818182,2.190912475,3.490905725
"1077","ukulingadrt.za","HYPOXIS FILIFORMIS",0,0,3.25,6,6,3.25,2.75
"1078","sand.us","SCLERIA TRIGLOMERATA",0,0,6,6,6,6,0
"1079","hard.us","ORTHOCARPUS TOLMIEI",0,0,11,7,7,11,-4
"1080","konzadrt.us","KOELERIA MACRANTHA",0,0,6,8.6,8.6,6,2.6
"1081","hard.us","SYMPHYOTRICHUM ERICOIDES",0,0,2,9.333333333,9.333333333,2,7.333333333
"1082","naposta.ar","PAPPOPHORUM CAESPITOSUM",0,0,5,10,10,5,5
"1083","cmss.us","POA CUSICKII",0,0,10,10,10,10,0
"1084","sand.us","PANICUM COMMUTATUM",0,0,6.333333333,11.33333333,11.33333333,6.333333333,4.999999997
"1085","jorndrt.us","SPOROBOLUS FLEXUOSUS",1,0,1.65,12,12,0.65,11.35
"1086","cmss.us","PHLOX MULTIFLORA",0,0,10,13.33333333,13.33333333,10,3.33333333
"1087","scruzl.us","SONCHUS ASPER",0,0,2.0408163,14.54787123,14.54787123,2.0408163,12.50705493
"1088","scruzl.us","CIRSIUM VULGARE",2,0,0,14.6156689,14.6156689,-2,16.6156689
"1089","konzadrt.us","PSORALIDIUM TENUIFLORUM",0,0,10.02,14.8,14.8,10.02,4.78
"1090","hard.us","ARTEMISIA NOVA",0,0,10,16.5,16.5,10,6.5
"1091","cowidrt.ca","CLAYTONIA PERFOLIATA",0,0,11.5,21.66666667,21.66666667,11.5,10.16666667
"1092","teshio.jp","CAREX MIYABEI",0,0,50,25.5,25.5,50,-24.5
"1093","ukulingadrt.za","CROTALARIA MICROCARPA",0,0,4,27,27,4,23
"1094","nplatte.us","OPUNTIA POLYACANTHA",25,0,0,30,30,-25,55
"1095","hard.us","ARTEMISIA TRIDENTATA",0,0,20,35,35,20,15
"1096","sand.us","CHAMAECRISTA NICTITANS",0,0,12,39.5,39.5,12,27.5
