,site_code,Taxon,mean.before.control,mean.before.drought,mean.after.control,mean.after.drought
751,kiskun.hu,HOLOSTEUM UMBELLATUM,0.01,0.01,0.702,0.04
756,kiskun.hu,SALSOLA KALI,0.01,0.01,NA,NA
1057,passogavia.it,PERSICARIA VIVIPARA,1.025,0.02,1.05,0.1
1049,passogavia.it,EUPHRASIA MINIMA,0.1125,0.023333333,0.0125,0.01
934,nnss.us,CHORIZANTHE RIGIDA,0.296333533,0.0681663,0.3472222,0.2061856
466,ebro.es,TEUCRIUM CAPITATUM,0.564906222,0.072867667,1.137641351,0.152425778
1051,passogavia.it,GNAPHALIUM SUPINUM,0.055,0.1,0.053333333,0.075
457,ebro.es,HELICHRYSUM STOECHAS,0.027052667,0.109083334,0.0281435,0.2258025
463,ebro.es,POLYGALA RUPESTRIS,0.014544445,0.125664,0.191550334,0.494511111
683,jrnchi.us,PHEMERANTHUS AURANTIACUS,0.0685871,0.1368925,NA,NA
952,nnss.us,MONOPTILON BELLIDIFORME,0.1191883,0.13729085,0.1546705,0.3436426
957,nnss.us,VULPIA OCTOFLORA,0.2073287,0.13819435,NA,NA
935,nnss.us,CHYLISMIA CLAVIFORMIS,0.2020202,0.1612391,0.2053388,0.2083333
939,nnss.us,CRYPTANTHA PTEROCARYA,0.64898376,0.22843085,NA,NA
761,kiskun.hu,SYRENIA CANA,0.17,0.25,0.1,0.15
4,allmendb.ch,ASPERULA CYNANCHICA,0.25,0.25,0.25,0.25
37,allmendb.ch,TRIFOLIUM MONTANUM,0.25,0.25,1,0.25
58,allmendo.ch,LOTUS CORNICULATUS,0.75,0.25,0.625,0.375
18,allmendb.ch,GLOBULARIA VULGARIS,1.583333333,0.25,1.75,0.375
71,allmendo.ch,TRIFOLIUM MONTANUM,1.083333333,0.25,0.666666667,0.5
61,allmendo.ch,POLYGALA VULGARIS,NA,0.25,0.375,0.5
60,allmendo.ch,PLANTAGO LANCEOLATA,0.416666667,0.25,0.75,0.75
49,allmendo.ch,EUPHORBIA CYPARISSIAS,2.25,0.25,2.25,1.75
956,nnss.us,SCHISMUS ARABICUS,0.3067008,0.25714855,2.27615137,0.320392533
948,nnss.us,LOESELIASTRUM SCHOTTII,0.0685167,0.27351615,0.389588286,0.0687285
1313,yarradrt.au,SENECIO MADAGASCARIENSIS,0.5,0.3,2,15
28,allmendb.ch,PLANTAGO LANCEOLATA,0.25,0.375,0.25,1
52,allmendo.ch,GLOBULARIA VULGARIS,0.375,0.375,0.583333333,1.333333333
942,nnss.us,ERIOGONUM MACULATUM,1.5137421,0.3792902,1.562988243,0.6872779
1062,passogavia.it,PRIMULA GLUTINOSA,0.6,0.4,0.98,0.75
684,jrnchi.us,PHYSALIS HEDERIFOLIA,0.69929288,0.41075845,0.44768225,0.0687285
936,nnss.us,CRYPTANTHA CIRCUMSCISSA,0.19404304,0.41422252,1.06477779,0.27386215
70,allmendo.ch,THYMUS SERPYLLUM,1,0.416666667,1.5,1.833333333
62,allmendo.ch,POTENTILLA GRANDIFLORA,1.75,0.416666667,5.25,3.25
459,ebro.es,HERNIARIA FRUTICOSA,0.589631778,0.464549556,0.857831333,0.613775556
930,nnss.us,BROMUS RUBENS,0.319339489,0.4770241,2.98615225,0.48253192
943,nnss.us,ERIOPHYLLUM PRINGLEI,0.58499523,0.4966975,1.57694249,0.154395725
85,baddrt.de,GALIUM APARINE,0.26,0.5,0.07,0.1
202,cdpt_drt.us,MACHAERANTHERA PINNATIFIDA,0.5,0.5,0.3,0.1
13,allmendb.ch,CREPIS BIENNIS,0.25,0.5,1.75,0.5
153,capmcd.us,DICHELOSTEMMA CAPITATUM,0.5,0.5,0.5,0.5
409,credoj.au,MAIREANA TRICHOPTERA,0.5,0.5,0.5,0.5
432,credom.au,GOODENIA MIMULOIDES,0.5,0.5,0.5,0.5
435,credom.au,MAIREANA TRICHOPTERA,0.5,0.5,0.5,0.5
545,falls.au,VIOLA BETONICIFOLIA,0.5,0.5,0.5,0.5
552,gmgranite.us,ERIOGONUM MACULATUM,0.5,0.5,0.5,0.5
565,gmmolar.us,CAMISSONIA PALMERI,0.5,0.5,0.5,0.5
566,gmmolar.us,CENTROSTEGIA THURBERI,0.5,0.5,0.5,0.5
611,jilpanger.au,BLENNOSPORA DRUMMONDII,0.5,0.5,0.5,0.5
622,jilpanger.au,Centrolepis STRIGOSA,0.5,0.5,0.5,0.5
625,jilpanger.au,DROSERA GLANDULIGERA,0.5,0.5,0.5,0.5
630,jilpanger.au,HYDROCOTYLE FOVEOLATA,0.5,0.5,0.5,0.5
637,jilpanger.au,LEPIDOSPERMA CONGESTUM,0.5,0.5,0.5,0.5
643,jilpanger.au,MICROSERIS SCAPIGERA,0.5,0.5,0.5,0.5
652,jilpanger.au,QUINETIA URVILLEI,0.5,0.5,0.5,0.5
654,jilpanger.au,ROMULEA ROSEA,0.5,0.5,0.5,0.5
657,jilpanger.au,STIPA VAGINATA,0.5,0.5,0.5,0.5
663,jilpanger.au,WAHLENBERGIA STRICTA,0.5,0.5,0.5,0.5
692,kernb.ca,ANDROSACE SEPTENTRIONALIS,0.5,0.5,0.5,0.5
723,kernnu.ca,CAMPANULA ROTUNDIFOLIA,0.5,0.5,0.5,0.5
890,matador.ca,VICIA AMERICANA,0.5,0.5,0.5,0.5
1212,sevblack.us,HOFFMANNSEGGIA DREPANOCARPA,0.5,0.5,0.5,0.5
645,jilpanger.au,MILLOTIA MUELLERI,0.5,0.5,0.666666667,0.5
646,jilpanger.au,MILLOTIA TENUIFOLIA,0.5,0.5,0.666666667,0.5
629,jilpanger.au,HYALOSPERMA DEMISSUM,0.5,0.5,0.7,0.5
558,gmgranite.us,PECTOCARYA PLATYCARPA,0.5,0.5,NA,0.5
580,gmmolar.us,LUPINUS CONCINNUS,0.5,0.5,NA,0.5
569,gmmolar.us,DICHELOSTEMMA CAPITATUM,0.583333333,0.5,0.5,0.5
448,credom.au,VITTADINIA EREMAEA,0.625,0.5,0.5,0.5
632,jilpanger.au,HYPOCHAERIS GLABRA,0.7,0.5,0.5,0.5
626,jilpanger.au,DROSERA HOOKERI,0.75,0.5,0.5,0.5
441,credom.au,RYTIDOSPERMA CAESPITOSUM,0.75,0.5,0.625,0.5
608,jilpanger.au,AIRA ELEGANTISSIMA,0.75,0.5,0.625,0.5
617,jilpanger.au,CHAMAESCILLA CORYMBOSA,0.75,0.5,1.75,0.5
1238,sevmixed.us,MACHAERANTHERA PINNATIFIDA,0.833333333,0.5,0.5,0.5
1240,sevmixed.us,SOLANUM ELAEAGNIFOLIUM,1.375,0.5,0.5,0.5
607,jilpanger.au,ACAENA ECHINATA,1.8,0.5,5.3,0.5
431,credom.au,EUPHORBIA DRUMMONDII,NA,0.5,0.5,0.5
633,jilpanger.au,HYPOLAENA FASTIGIATA,NA,0.5,0.5,0.5
653,jilpanger.au,RANUNCULUS ROBERTSONII,NA,0.5,0.5,0.5
976,oreaa.us,COLLINSIA PARVIFLORA,NA,0.5,0.5,0.5
201,cdpt_drt.us,LYGODESMIA JUNCEA,1,0.5,1.2,0.55
549,gmgranite.us,CRYPTANTHA CIRCUMSCISSA,0.5,0.5,0.833333333,0.625
642,jilpanger.au,LOMANDRA NANA,0.666666667,0.5,0.5,0.666666667
879,matador.ca,CERASTIUM ARVENSE,2.25,0.5,3.5,0.75
167,capwhite.us,ASTRAGALUS NUTTALLIANUS,NA,0.5,0.5,0.75
724,kernnu.ca,CERASTIUM ARVENSE,NA,0.5,0.5,0.75
585,gmmolar.us,PLAGIOBOTHRYS ARIZONICUS,0.5,0.5,0.75,0.833333333
195,cdpt_drt.us,GAURA COCCINEA,0.1,0.5,2,1
199,cdpt_drt.us,LIATRIS PUNCTATA,0.5,0.5,0.5,1
544,falls.au,TRISETUM SPICATUM,0.5,0.5,0.5,1
571,gmmolar.us,ERIOGONUM MACULATUM,0.5,0.5,0.5,1
717,kernb.ca,VICIA AMERICANA,0.5,0.5,0.5,1
884,matador.ca,LINUM RIGIDUM,0.5,0.5,1,1
875,matador.ca,ACHILLEA MILLEFOLIUM,0.75,0.5,0.5,1
532,falls.au,GREVILLEA AUSTRALIS,1,0.5,1,1
538,falls.au,PLANTAGO EURYPHYLLA,1,0.5,1,1
536,falls.au,PHEBALIUM SQUAMULOSUM,1.333333333,0.5,1.333333333,1
713,kernb.ca,STIPA CURTISETA,6.5,0.5,2.333333333,1
425,credom.au,CUSCUTA PLANIFLORA,NA,0.5,0.5,1
648,jilpanger.au,PELARGONIUM RODNEYANUM,NA,0.5,0.5,1
547,gmgranite.us,AMSINCKIA TESSELLATA,NA,0.5,0.75,1
700,kernb.ca,CERASTIUM ARVENSE,2,0.5,2.5,1.25
559,gmgranite.us,PECTOCARYA RECURVATA,0.5,0.5,NA,1.5
436,credom.au,MEDICAGO MINIMA,0.5,0.5,5.75,2
714,kernb.ca,SYMPHYOTRICHUM ERICOIDES,2,0.5,5,2
557,gmgranite.us,PECTOCARYA HETEROCARPA,1,0.5,3.071428571,2.8
160,capmcd.us,PECTOCARYA RECURVATA,0.5,0.5,5.214285714,2.857142857
992,oreaa.us,TRIFOLIUM MACROCEPHALUM,0.5,0.5,1,3.5
164,capmcd.us,PLANTAGO PATAGONICA,0.5,0.5,0.75,4
731,kernnu.ca,POA PRATENSIS,NA,0.5,10,5
695,kernb.ca,ARTEMISIA FRIGIDA,2.166666667,0.5,32,6.666666667
84,baddrt.de,FALLOPIA CONVOLVULUS,0.1,0.5,NA,NA
10,allmendb.ch,CARLINA VULGARIS,0.25,0.5,0.25,NA
194,cdpt_drt.us,ESCOBARIA VIVIPARA,0.3,0.5,0.18,NA
406,credoj.au,GOODENIA MIMULOIDES,0.5,0.5,0.5,NA
415,credoj.au,SCLEROLAENA OBLIQUICUSPIS,0.5,0.5,0.5,NA
423,credom.au,CENTAUREA MELITENSIS,0.5,0.5,0.5,NA
429,credom.au,ERODIUM AUREUM,0.5,0.5,0.5,NA
522,falls.au,ASPERULA GUNNII,0.5,0.5,0.5,NA
534,falls.au,MELICYTUS DENTATUS,0.5,0.5,0.5,NA
609,jilpanger.au,APHELIA PUMILIO,0.5,0.5,0.5,NA
634,jilpanger.au,ISOLEPIS MARGINATA,0.5,0.5,0.5,NA
638,jilpanger.au,LEVENHOOKIA DUBIA,0.5,0.5,0.5,NA
640,jilpanger.au,LOMANDRA JUNCEA,0.5,0.5,0.5,NA
662,jilpanger.au,WAHLENBERGIA GRACILENTA,0.5,0.5,0.5,NA
176,capwhite.us,PECTOCARYA HETEROCARPA,0.5,0.5,1.25,NA
56,allmendo.ch,LEONTODON HISPIDUS,0.5,0.5,NA,NA
151,capmcd.us,AMBROSIA DELTOIDEA,0.5,0.5,NA,NA
152,capmcd.us,CALANDRINIA CILIATA,0.5,0.5,NA,NA
159,capmcd.us,MONOLEPIS NUTTALLIANA,0.5,0.5,NA,NA
166,capwhite.us,AMBROSIA DELTOIDEA,0.5,0.5,NA,NA
171,capwhite.us,ERODIUM TEXANUM,0.5,0.5,NA,NA
173,capwhite.us,LOEFLINGIA SQUARROSA,0.5,0.5,NA,NA
396,credoj.au,CALOTIS HISPIDULA,0.5,0.5,NA,NA
561,gmmolar.us,ACACIA GREGGII,0.5,0.5,NA,NA
576,gmmolar.us,FILAGO DEPRESSA,0.5,0.5,NA,NA
578,gmmolar.us,LEPIDIUM LASIOCARPUM,0.5,0.5,NA,NA
586,gmmolar.us,SALVIA COLUMBARIAE,0.5,0.5,NA,NA
588,gmmolar.us,STYLOCLINE PSILOCARPHOIDES,0.5,0.5,NA,NA
635,jilpanger.au,JUNCUS BUFONIUS,0.5,0.5,NA,NA
649,jilpanger.au,PENTASCHISTIS AIROIDES,0.5,0.5,NA,NA
708,kernb.ca,ORTHOCARPUS LUTEUS,0.5,0.5,NA,NA
876,matador.ca,AGOSERIS GLAUCA,0.5,0.5,NA,NA
1002,oreac.us,COLLOMIA LINEARIS,0.5,0.5,NA,NA
1213,sevblack.us,KALLSTROEMIA PARVIFLORA,0.5,0.5,NA,NA
1229,sevblue.us,EUPHORBIA ALBOMARGINATA,0.5,0.5,NA,NA
97,baddrt.de,TRIPLEUROSPERMUM INODORUM,0.533333333,0.5,0.5,NA
612,jilpanger.au,BRACHYSCOME PERPUSILLA,0.6,0.5,0.5,NA
656,jilpanger.au,SILOXERUS MULTIFLORUS,0.625,0.5,2,NA
528,falls.au,CHAEROPHYLLUM ERIOPODUM,0.666666667,0.5,0.5,NA
410,credoj.au,MEDICAGO MINIMA,0.666666667,0.5,8,NA
570,gmmolar.us,ERIASTRUM EREMICUM,0.7,0.5,NA,NA
1228,sevblue.us,ECHINOMASTUS INTERTEXTUS,0.75,0.5,NA,NA
438,credom.au,PASPALIDIUM CLEMENTII,1,0.5,0.5,NA
556,gmgranite.us,LEPIDIUM LASIOCARPUM,1,0.5,NA,NA
989,oreaa.us,PERIDERIDIA OREGANA,1,0.5,NA,NA
1237,sevmixed.us,HOFFMANNSEGGIA DREPANOCARPA,1,0.5,NA,NA
699,kernb.ca,CARDUUS NUTANS,1.25,0.5,NA,NA
624,jilpanger.au,DROSERA ABERRANS,1.625,0.5,0.5,NA
744,kiskun.hu,CENTAUREA ARENARIA,2.375,0.5,1.6,NA
69,allmendo.ch,TEUCRIUM MONTANUM,3.5,0.5,7.25,NA
988,oreaa.us,PACKERA CANA,25.5,0.5,15.5,NA
158,capmcd.us,LOGFIA ARIZONICA,NA,0.5,0.5,NA
183,capwhite.us,VULPIA OCTOFLORA,NA,0.5,0.5,NA
1231,sevblue.us,SPHAERALCEA HASTULATA,NA,0.5,2,NA
955,nnss.us,RAFINESQUIA NEOMEXICANA,0.1346801,0.50410455,NA,NA
937,nnss.us,CRYPTANTHA INTERMEDIA,0.273154156,0.5408999,1.083267986,0.5414678
75,baddrt.de,BROMUS HORDEACEUS,NA,0.55,0.55,0.01
1310,yarradrt.au,KYLLINGA ODORATA,0.3,0.55,1.5,1.25
742,kiskun.hu,BASSIA LANIFLORA,1.45,0.5525,0.125,0.0575
38,allmendb.ch,TRIFOLIUM PRATENSE,0.583333333,0.583333333,1,0.75
181,capwhite.us,PLANTAGO PATAGONICA,0.714285714,0.583333333,1.5,1
47,allmendo.ch,CENTAUREA JACEA,1,0.583333333,1,2.25
582,gmmolar.us,PECTOCARYA PLATYCARPA,1.116666667,0.6,0.5,0.5
407,credoj.au,MAIREANA CARNOSA,0.7,0.6,4.8,1.4
676,jrnchi.us,ARISTIDA PURPUREA,2.6915114,0.6081433,1.0141988,NA
16,allmendb.ch,FESTUCA OVINA,3.5,0.625,2.25,0.833333333
584,gmmolar.us,PECTOCARYA SETOSA,1.325,0.625,0.5,NA
567,gmmolar.us,CRYPTANTHA CIRCUMSCISSA,0.583333333,0.642857143,0.5,0.7
745,kiskun.hu,CONYZA CANADENSIS,0.375,0.66,NA,NA
933,nnss.us,CHORIZANTHE BREVICORNU,1.19583637,0.6628863,1.08313428,0.30563745
526,falls.au,CAREX HEBES,0.5,0.666666667,0.6,0.5
568,gmmolar.us,CRYPTANTHA PTEROCARYA,0.942857143,0.666666667,0.5,0.6
533,falls.au,HYPOCHAERIS RADICATA,0.666666667,0.666666667,0.9,0.833333333
623,jilpanger.au,DICHOPOGON STRICTUS,0.7,0.666666667,0.75,0.833333333
994,oreac.us,ACHILLEA MILLEFOLIUM,4.833333333,0.666666667,2.666666667,1.833333333
974,oreaa.us,BLEPHARIPAPPUS SCABER,0.7,0.7,0.9,0.6
413,credoj.au,RYTIDOSPERMA CAESPITOSUM,1,0.7,1.125,2.333333333
460,ebro.es,JUNIPERUS PHOENICEA,0.042760667,0.70686,NA,0.623084
1056,passogavia.it,OREOCHLOA DISTICHA,5.5,0.75,5.5,0.275
29,allmendb.ch,POTENTILLA GRANDIFLORA,0.375,0.75,0.916666667,0.666666667
523,falls.au,ASTEROLASIA TRYMALIOIDES,0.5,0.75,0.666666667,0.75
525,falls.au,CAREX BREVICULMIS,0.5,0.75,0.666666667,0.75
541,falls.au,RUMEX ACETOSELLA,0.583333333,0.75,0.833333333,0.75
427,credom.au,ENNEAPOGON POLYPHYLLUS,1.125,0.75,0.666666667,1
1311,yarradrt.au,LOTUS CORNICULATUS,1.943333333,0.75,2,1
440,credom.au,PTILOTUS OBOVATUS,0.5,0.75,0.5,1.25
23,allmendb.ch,LEUCANTHEMUM VULGARE,1,0.75,1.375,1.5
1220,sevblack.us,SCLEROPOGON BREVIFOLIUS,4.1,0.75,1.95,NA
401,credoj.au,ENNEAPOGON POLYPHYLLUS,10.25,0.75,5.25,NA
953,nnss.us,NAMA ARETIOIDES,0.283584533,0.75338592,0.39203624,NA
954,nnss.us,OXYTHECA PERFOLIATA,0.89137666,0.766761557,2.028706325,1.345047483
971,octc.us,VULPIA MICROSTACHYS,0.17305365,0.7749216,NA,NA
414,credoj.au,SALVIA VERBENACA,2.2,0.8,0.6,0.5
1045,passogavia.it,AGROSTIS RUPESTRIS,1.54,0.8,2.5,1.7
1009,oreac.us,PERIDERIDIA OREGANA,0.6,0.8,4.9,3.8
537,falls.au,PIMELEA ALPINA,2,0.833333333,1.833333333,1.166666667
712,kernb.ca,SONCHUS ARVENSIS,1.5,0.833333333,1,1.25
174,capwhite.us,LOGFIA ARIZONICA,2.428571429,0.833333333,0.928571429,4.7
945,nnss.us,GILIA BRECCIARUM,0.378193233,0.840660186,NA,NA
564,gmmolar.us,BROMUS RUBENS,0.866666667,0.85,1.285714286,1.428571429
679,jrnchi.us,ERIOGONUM ANNUUM,1.3568186,0.85997535,0.4830918,NA
178,capwhite.us,PECTOCARYA RECURVATA,0.5,0.875,0.5,0.5
1063,passogavia.it,SALIX HERBACEA,1.403333333,0.9,0.703333333,0.55
205,cdpt_drt.us,SPHAERALCEA COCCINEA,0.666666667,0.9,1,1.9
746,kiskun.hu,CREPIS FOETIDA,0.602,0.9,0.01,NA
454,ebro.es,HELIANTHEMUM MARIFOLIUM,0.817397778,0.913100222,1.093524056,1.185808556
969,octc.us,ELYMUS ELYMOIDES,1.1684448,0.970887933,0.818374925,0.5475702
627,jilpanger.au,GNEPHOSIS DRUMMONDII,0.5,1,0.5,0.5
661,jilpanger.au,VULPIA MYUROS,0.5,1,0.5,0.5
980,oreaa.us,EREMOGONE CONGESTA,0.5,1,NA,0.5
620,jilpanger.au,Centrolepis ARISTATA,0.6,1,0.5,0.5
399,credoj.au,CUSCUTA PLANIFLORA,0.625,1,0.5,0.5
655,jilpanger.au,SCHOENUS APOGON,0.625,1,0.625,0.5
715,kernb.ca,TARAXACUM TARAXACUM,0.666666667,1,0.833333333,0.5
888,matador.ca,RATIBIDA COLUMNIFERA,0.75,1,NA,0.5
650,jilpanger.au,PIMELEA HUMILIS,1,1,5,0.5
428,credom.au,ERAGROSTIS DIELSII,10.5,1,1.25,0.5
412,credoj.au,PTILOTUS OBOVATUS,1.5,1,2.25,0.75
979,oreaa.us,EPILOBIUM BRACHYCARPUM,0.8,1,1.5,0.9
530,falls.au,ERIGERON BELLIDIOIDES,0.5,1,0.5,1
424,credom.au,CEPHALIPTERUM DRUMMONDII,0.5,1,20,1
122,brokenh.au,SCLEROLAENA DIACANTHA,1,1,1,1
475,elvadrt.ee,CERASTIUM ARVENSE,1,1,1,1
491,elvadrt.ee,RUMEX ACETOSA,1,1,1,1
500,esw.ca,ERIGERON ANNUUS,1,1,1,1
776,lygraint.no,AGROSTIS CANINA,1,1,1,1
835,lygraold.no,TRIENTALIS EUROPEA,1,1,1,1
889,matador.ca,SYMPHYOTRICHUM ERICOIDES,1,1,1,1
1014,paike.ar,ACAENA POEPPIGIANA,1,1,1,1
1016,paike.ar,AGROSTIS INCONSPICUA,1,1,1,1
1018,paike.ar,ARMERIA MARITIMA,1,1,1,1
1020,paike.ar,AZORELLA MONANTHA,1,1,1,1
1023,paike.ar,CERASTIUM ARVENSE,1,1,1,1
1024,paike.ar,CLINOPODIUM DARWINII,1,1,1,1
1026,paike.ar,DESCHAMPSIA CESPITOSA,1,1,1,1
1030,paike.ar,JUNELLIA ODONELLII,1,1,1,1
1032,paike.ar,LEUCHERIA PURPUREA,1,1,1,1
1035,paike.ar,NASSAUVIA ACULEATA,1,1,1,1
1036,paike.ar,NASSAUVIA DARWINII,1,1,1,1
1037,paike.ar,OXALIS ENNEAPHYLLA,1,1,1,1
1043,paike.ar,SENECIO MISER,1,1,1,1
765,konzadrt.us,ARTEMISIA LUDOVICIANA,1,1,2,1
809,lygraint.no,VACCINIUM ULIGINOSUM,1,1,2,1
1252,spvdrt.ar,PLANTAGO PATAGONICA,1,1,2,1
792,lygraint.no,GALIUM SAXATILE,1,1,3,1
899,mattheis.ca,TRAGOPOGON DUBIUS,1,1,3.8,1
781,lygraint.no,CAREX ECHINATA,1,1,NA,1
1256,spvdrt.ar,VULPIA BROMOIDES,1.333333333,1,2,1
777,lygraint.no,AGROSTIS CAPILLARIS,2,1,1,1
1121,rhijn.nl,TARAXACUM TARAXACUM,2,1,1.5,1
367,cowidrt.ca,CERASTIUM GLOMERATUM,3,1,1,1
109,biddulph.ca,ROSA ARKANSANA,3,1,8,1
252,cedartrait.us,ACHILLEA MILLEFOLIUM,3.5,1,1,1
507,esw.ca,SYMPHYOTRICHUM NOVAE-ANGLIAE,7.5,1,1,1
865,marcdrt.ar,MELILOTUS OFFICINALIS,8,1,NA,1
434,credom.au,MAIREANA SEDIFOLIA,10.16666667,1,10.25,1
606,hyide.de,DESCHAMPSIA FLEXUOSA,NA,1,1,1
818,lygraold.no,ERIOPHORUM ANGUSTIFOLIUM,NA,1,1,1
1158,sclaudio.ar,CYNODON DACTYLON,NA,1,2.333333333,1
206,cdpt_drt.us,SPOROBOLUS CRYPTANDRUS,7,1,3,1.125
672,jorndrt.us,SENNA BAUHINIOIDES,0.75,1,0.2,1.25
1254,spvdrt.ar,SCHISMUS BARBATUS,1,1,2.333333333,1.333333333
1251,spvdrt.ar,PAPPOSTIPA SPECIOSA,2,1,1.5,1.333333333
488,elvadrt.ee,POA ANGUSTIFOLIA,1,1,1,1.5
495,elvadrt.ee,VERONICA CHAMAEDRYS,1,1,1,1.5
501,esw.ca,MEDICAGO LUPULINA,1,1,2,1.5
352,cobar.au,PTILOTUS ATRIPLICIFOLIUS,3,1,8.25,1.5
485,elvadrt.ee,LINUM CATHARTICUM,NA,1,1,1.5
67,allmendo.ch,SCABIOSA COLUMBARIA,0.416666667,1,0.25,1.625
1243,spvdrt.ar,CARDIONEMA RAMOSISSIMUM,1,1,1,1.666666667
987,oreaa.us,NOTHOCALAIS TROXIMOIDES,2,1,3.5,1.833333333
1050,passogavia.it,FESTUCA HALLERI,0.4,1,0.3,2
203,cdpt_drt.us,POLYGALA ALBA,0.5,1,NA,2
385,cowidrt.ca,RANUNCULUS OCCIDENTALIS,1,1,2,2
791,lygraint.no,FESTUCA VIVIPARA,1,1,3,2
833,lygraold.no,SORBUS AUCUPARIA,1,1,NA,2
101,biddulph.ca,ARTEMISIA FRIGIDA,3,1,5,2
1247,spvdrt.ar,HYPOCHAERIS RADICATA,1,1,2.666666667,3
1185,scruzl.us,LOLIUM PERENNE,4,1,8.358448867,3.0194805
837,lygraold.no,VACCINIUM ULIGINOSUM,1,1,1,3.5
1010,oreac.us,POA SECUNDA,10.5,1,3.5,3.5
1249,spvdrt.ar,NOTICASTRUM SERICEUM,1,1,1,4
188,cdpt_drt.us,BROMUS JAPONICUS,5.5,1,2,4
508,esw.ca,TARAXACUM TARAXACUM,1,1,1,4.333333333
1261,teshio.jp,GERANIUM THUNBERGII,2,1,8,4.5
364,cowidrt.ca,CAMASSIA QUAMASH,3,1,3,5
920,naposta.ar,DIPLOTAXIS TENUIFOLIA,2.333333333,1,5,5.333333333
800,lygraint.no,MOLINIA CAERULEA,1,1,1,6
1245,spvdrt.ar,GALIUM RICHARDIANUM,1,1,1,7
1271,ukulingadrt.za,AFROASTER HISPIDA,NA,1,3,7
921,naposta.ar,ERIGERON BLAKEI,1,1,1,10
618,jilpanger.au,CHRYSOCEPHALUM APICULATUM,10,1,10,10
356,cobar.au,STIPA SCABRA,4,1,3.5,12
1182,scruzl.us,CARDUUS PYCNOCEPHALUS,1.25,1,8.795871367,20.12987015
163,capmcd.us,PLANTAGO OVATA,0.583333333,1,8.714285714,23.71428571
555,gmgranite.us,FILAGO DEPRESSA,0.5,1,NA,NA
96,baddrt.de,TRAGOPOGON PRATENSIS,1,1,0.5,NA
778,lygraint.no,ANTHOXANTHUM ODORATUM,1,1,1,NA
1099,rhijn.nl,CERASTIUM FONTANUM,1,1,1,NA
782,lygraint.no,CAREX NIGRA,1,1,2,NA
823,lygraold.no,JUNIPERUS COMMUNIS,1,1,2,NA
1107,rhijn.nl,JACOBAEA VULGARIS,1,1,2,NA
114,brokenh.au,CRASSULA COLORATA,1,1,NA,NA
234,cedarsav.us,PANICUM PERLONGUM,1,1,NA,NA
317,charleville.au,GOODENIA CYCLOPTERA,1,1,NA,NA
322,charleville.au,THYRIDOLEPIS MITCHELLIANA,1,1,NA,NA
337,cobar.au,ACTINOBOLE ULIGINOSUM,1,1,NA,NA
340,cobar.au,BULBINE BULBOSA,1,1,NA,NA
362,cowidrt.ca,BROMUS CARINATUS,1,1,NA,NA
444,credom.au,SIDA INTRICATA,1,1,NA,NA
797,lygraint.no,LUZULA MULTIFLORA,1,1,NA,NA
830,lygraold.no,PSEUDOSCLEROPODIUM PURUM,1,1,NA,NA
856,marcdrt.ar,GNAPHALIUM AMERICANUM,1,1,NA,NA
906,milparinka.au,ERAGROSTIS SETIFOLIA,1,1,NA,NA
1083,quilpie.au,EUPHORBIA DRUMMONDII,1,1,NA,NA
1084,quilpie.au,GLYCINE CANESCENS,1,1,NA,NA
1085,quilpie.au,GOODENIA CYCLOPTERA,1,1,NA,NA
1094,rhijn.nl,ALLIUM VINEALE,1,1,NA,NA
1253,spvdrt.ar,POA LANUGINOSA,1,1,NA,NA
1269,teshio.jp,TARAXACUM TARAXACUM,1.25,1,5,NA
1090,quilpie.au,TRIPOGON LOLIIFORMIS,1.5,1,1,NA
113,brokenh.au,ALTERNANTHERA SESSILIS,1.5,1,NA,NA
244,cedarsav.us,SISYRINCHIUM CAMPESTRE,1.5,1,NA,NA
1079,quilpie.au,CALOTIS HISPIDULA,1.5,1,NA,NA
343,cobar.au,CRASSULA COLORATA,1.666666667,1,NA,NA
251,cedarsav.us,VIOLA PEDATIFIDA,1.8,1,NA,NA
786,lygraint.no,DACTYLORHIZA MACULATA,2,1,1,NA
798,lygraint.no,LUZULA PILOSA,2,1,1,NA
822,lygraold.no,JUNCUS SQUARROSUS,2,1,1,NA
843,marcdrt.ar,BOTHRIOCHLOA LAGUROIDES,2,1,NA,NA
847,marcdrt.ar,CARDUUS ACANTHOIDES,2,1,NA,NA
903,milparinka.au,CALOTIS PORPHYROGLOSSA,2,1,NA,NA
1130,sand.us,DIOSPYROS VIRGINIANA,3,1,1,NA
1160,sclaudio.ar,PASPALUM DILATATUM,3,1,1,NA
338,cobar.au,ARISTIDA CONTORTA,3,1,NA,NA
505,esw.ca,SONCHUS ASPER,3,1,NA,NA
881,matador.ca,GALIUM BOREALE,5,1,16.5,NA
223,cedarsav.us,ERIGERON STRIGOSUS,6,1,NA,NA
1156,sclaudio.ar,ACMELLA DECUMBENS,NA,1,0.25,NA
106,biddulph.ca,LYGODESMIA JUNCEA,NA,1,0.75,NA
472,elvadrt.ee,ARTEMISIA VULGARIS,NA,1,1,NA
1291,ukulingadrt.za,POLYGALA HOTTENTOTTA,NA,1,2,NA
581,gmmolar.us,PECTOCARYA HETEROCARPA,3.042857143,1.016666667,1.083333333,1.75
931,nnss.us,BROMUS TECTORUM,0.965629738,1.142075,4.38977668,0.882379229
1312,yarradrt.au,PLANTAGO LANCEOLATA,1.85,1.15,1,NA
737,kernnu.ca,TARAXACUM TARAXACUM,1.166666667,1.166666667,1,1.166666667
426,credom.au,ENNEAPOGON CAERULESCENS,6.1,1.166666667,11,7.5
757,kiskun.hu,SECALE SYLVESTRE,0.436666667,1.175,0.0325,0.146
326,ciempoz.es,HELIANTHEMUM SQUAMATUM,0.67,1.1775,5.405,1.514166667
755,kiskun.hu,POLYGONUM ARENARIUM,1.402,1.2,0.124,0.028
986,oreaa.us,NAVARRETIA INTERTEXTA SSP. PROPINQUA,0.833333333,1.25,0.75,0.833333333
859,marcdrt.ar,JUNCUS IMBRICATUS,1.333333333,1.25,1,2
68,allmendo.ch,TEUCRIUM CHAMAEDRYS,2.083333333,1.25,3.833333333,2.583333333
379,cowidrt.ca,MONTIA LINEARIS,3,1.25,NA,NA
421,credoj.au,VITTADINIA EREMAEA,2,1.3,14.1,3.5
546,gmgranite.us,ACMISPON STRIGOSUS,2.214285714,1.333333333,NA,0.5
393,cowidrt.ca,VERONICA ARVENSIS,1.333333333,1.333333333,1,1
806,lygraint.no,RHYTIDIADELPHUS SQUARROSUS,4,1.333333333,1.5,2
803,lygraint.no,POLYTRICHUM COMMUNE,6.333333333,1.333333333,10.33333333,2.666666667
377,cowidrt.ca,LOMATIUM UTRICULATUM,5,1.333333333,9.5,3
285,cedartrait.us,TARAXACUM CAMPYLODES,1.25,1.333333333,NA,5
1089,quilpie.au,THYRIDOLEPIS MITCHELLIANA,1.666666667,1.333333333,NA,NA
583,gmmolar.us,PECTOCARYA RECURVATA,2.185714286,1.342857143,0.5,1
462,ebro.es,LINUM SUFFRUTICOSUM,1.026256,1.372704667,2.264933611,2.0322225
950,nnss.us,MALACOTHRIX GLABRATA,0.729655567,1.3735589,1.1655389,1.41346643
563,gmmolar.us,AMSINCKIA TESSELLATA,0.625,1.375,1,0.75
39,allmendo.ch,ACHILLEA MILLEFOLIUM,0.75,1.375,1.25,0.75
51,allmendo.ch,GALIUM VERUM,1.416666667,1.375,1.75,0.875
990,oreaa.us,PHLOX HOODII,2.25,1.375,3.5,1.625
41,allmendo.ch,ASPERULA CYNANCHICA,0.375,1.375,0.416666667,2.375
1054,passogavia.it,LEUCANTHEMOPSIS ALPINA,2.302,1.38,0.844,0.46
940,nnss.us,DESCURAINIA PINNATA,0.696307383,1.385238063,0.640719867,0.433464429
1165,scruzh.us,BRACHYPODIUM DISTACHYON,39.4736842,1.4084507,NA,2.4691358
1167,scruzh.us,BROMUS HORDEACEUS,NA,1.4084507,2.6345738,2.76928305
968,octc.us,CERATOCEPHALA TESTICULATA,1.17351,1.416418129,2.818723478,1.1921839
927,nnss.us,ACAMPTOPAPPUS SHOCKLEYI,3.0864198,1.4285714,1.5120275,1.3774105
550,gmgranite.us,DESCURAINIA PINNATA,NA,1.5,0.5,0.5
34,allmendb.ch,SCABIOSA COLUMBARIA,1.333333333,1.5,2.583333333,1
275,cedartrait.us,PETALOSTEMON CANDIDUS,1.625,1.5,1,1
311,chacra.ar,POA LIGULARIS,3.833333333,1.5,5,1
1019,paike.ar,AZORELLA FUEGIANA,1,1.5,1,1.5
366,cowidrt.ca,CERASTIUM ARVENSE,1.5,1.5,2,1.5
11,allmendb.ch,CENTAUREA JACEA,1.916666667,1.5,2.333333333,1.5
1025,paike.ar,COLOBANTHUS LYCOPODOIDES,2,1.5,2,1.5
1033,paike.ar,LUZULA CHILENSIS,2,1.5,2,1.5
1005,oreac.us,EPILOBIUM BRACHYCARPUM,2.5,1.5,1.5,1.5
1250,spvdrt.ar,PANICUM URVILLEANUM,2,1.5,3,2.5
511,ethadb.au,ARISTIDA HOLATHERA,2.75,1.5,14.5,3
363,cowidrt.ca,BROMUS STERILIS,12,1.5,13,3.333333333
300,chacra.ar,BACCHARIS GILLIESII,1.5,1.5,NA,5
260,cedartrait.us,BOUTELOUA GRACILIS,2,1.5,NA,8
897,mattheis.ca,LITHOSPERMUM INCISUM,10,1.5,5.5,10
898,mattheis.ca,SYMPHYOTRICHUM ERICOIDES,1,1.5,15,NA
77,baddrt.de,CARDUUS CRISPUS,1,1.5,NA,NA
852,marcdrt.ar,ERIGERON BONARIENSIS,1,1.5,NA,NA
312,chacra.ar,SCHINUS JOHNSTONII,1.5,1.5,1,NA
301,chacra.ar,BACCHARIS TENELLA,1.5,1.5,NA,NA
302,chacra.ar,BACCHARIS ULICINA,1.5,1.5,NA,NA
303,chacra.ar,EPHEDRA TRIANDRA,1.5,1.5,NA,NA
304,chacra.ar,HOFFMANNSEGGIA TRIFOLIATA,1.5,1.5,NA,NA
380,cowidrt.ca,MYOSOTIS DISCOLOR,2,1.5,NA,NA
253,cedartrait.us,AGROSTIS SCABRA,2.333333333,1.5,NA,NA
867,marcdrt.ar,PLANTAGO MYOSUROS,NA,1.5,1,NA
1194,scruzm.us,BROMUS DIANDRUS,6.35743175,1.5048119,2.25851305,2.1978022
929,nnss.us,AMSINCKIA TESSELLATA,1.288531317,1.523432657,2.58048512,0.6739395
48,allmendo.ch,CENTAUREA SCABIOSA,3,1.583333333,4.125,1.75
442,credom.au,SALVIA VERBENACA,0.7,1.6,1.4,0.8
270,cedartrait.us,LUPINUS PERENNIS,2,1.6,NA,NA
1176,scruzh.us,SISYRINCHIUM BELLUM,NA,1.650742233,1.2195122,1.8340046
1174,scruzh.us,LINUM BIENNE,1.033563767,1.661239833,3.6585366,6.29785905
849,marcdrt.ar,CAREX SORORIA,1,1.666666667,1,1
832,lygraold.no,RHYTIDIADELPHUS SQUARROSUS,2,1.666666667,1,1
857,marcdrt.ar,HORDEUM PUSILLUM,2.333333333,1.666666667,1.5,1
477,elvadrt.ee,EQUISETUM ARVENSE,2,1.666666667,1,1.333333333
490,elvadrt.ee,RANUNCULUS ACRIS,4.333333333,1.666666667,2,2
858,marcdrt.ar,HYDROCOTYLE BONARIENSIS,1,1.666666667,1.5,2.333333333
845,marcdrt.ar,BROMUS CATHARTICUS,10.33333333,1.666666667,9.75,15
1248,spvdrt.ar,NASSELLA TENUIS,2,1.666666667,15.66666667,16.66666667
318,charleville.au,HYPOCHAERIS RADICATA,2,1.666666667,NA,NA
767,konzadrt.us,ERAGROSTIS SPECTABILIS,9,1.666666667,NA,NA
1203,scruzm.us,VICIA SATIVA,1.781529067,1.6889139,1.58466315,NA
1059,passogavia.it,PHYTEUMA HEMISPHAERICUM,2,1.7,2.4,2.3
14,allmendb.ch,ECHIUM VULGARE,NA,1.75,0.25,0.375
191,cdpt_drt.us,COREOPSIS TINCTORIA,2,1.75,3.5,2.25
1064,passogavia.it,SCORZONEROIDES HELVETICA,3.2,1.8,3.96,1.8
739,kiskun.hu,ALKANNA TINCTORIA,3.666666667,1.833333333,NA,NA
468,ebro.es,THYMUS VULGARIS,1.792457333,1.860816222,1.888433582,2.008951389
1,allmendb.ch,ACHILLEA MILLEFOLIUM,1.333333333,1.875,1.833333333,1.25
25,allmendb.ch,LOTUS CORNICULATUS,NA,1.916666667,0.916666667,1.333333333
200,cdpt_drt.us,LITHOSPERMUM INCISUM,1.75,1.916666667,2.75,2.166666667
1192,scruzm.us,BRACHYPODIUM DISTACHYON,2.3809524,1.95238095,1.0416667,1.8348624
754,kiskun.hu,MINUARTIA GLOMERATA,0.75,2,0.2,0.07
193,cdpt_drt.us,DICHANTHELIUM OLIGOSANTHES,1.25,2,3,0.5
492,elvadrt.ee,STELLARIA GRAMINEA,1.5,2,1,1
123,brokenh.au,SOLANUM ELLIPTICUM,2,2,1,1
1122,rhijn.nl,TRIFOLIUM PRATENSE,2,2,1,1
706,kernb.ca,LACTUCA TATARICA,0.5,2,2,1.25
497,elvadrt.ee,VICIA SEPIUM,2,2,2.333333333,1.666666667
995,oreac.us,ACMISPON AMERICANUS,0.75,2,0.5,2
808,lygraint.no,VACCINIUM MYRTILLUS,2,2,5,2
873,marcdrt.ar,STENOTAPHRUM SECUNDATUM,3,2,1.5,2
882,matador.ca,KOELERIA MACRANTHA,1.25,2,1.833333333,2.5
392,cowidrt.ca,VALERIANELLA LOCUSTA,1.8,2,1.8,2.5
690,kernb.ca,ACHILLEA MILLEFOLIUM,1,2,1.333333333,2.666666667
721,kernnu.ca,ARTEMISIA LUDOVICIANA,1,2,0.75,3
479,elvadrt.ee,FESTUCA RUBRA,1.333333333,2,3,3
1296,ukulingadrt.za,SENECIO CORONATUS,1.5,2,7.5,3
831,lygraold.no,RHYTIDIADELPHUS LOREUS,2,2,4,3
1119,rhijn.nl,RANUNCULUS ACRIS,2.6,2,3,3
374,cowidrt.ca,GERANIUM MOLLE,1.5,2,3,3.5
232,cedarsav.us,PANICUM ACUMINATUM,3.2,2,3,4
1268,teshio.jp,STELLARIA GRAMINEA,1.75,2,3.666666667,4.75
1267,teshio.jp,RANUNCULUS REPENS,5,2,7,5
76,baddrt.de,BROMUS STERILIS,NA,2,0.1025,5
647,jilpanger.au,NEURACHNE ALOPECUROIDEA,0.833333333,2,0.666666667,6.666666667
220,cedarsav.us,COMANDRA UMBELLATA,1.6,2,9.666666667,6.666666667
1274,ukulingadrt.za,CEPHALARIA PUNGENS,1.666666667,2,15.75,7
734,kernnu.ca,SONCHUS ARVENSIS,1.166666667,2,14,7.166666667
1295,ukulingadrt.za,SENECIO BUPLEUROIDES,3,2,8.166666667,7.333333333
993,oreaa.us,VENTENATA DUBIA,1.3,2,5.8,8.75
108,biddulph.ca,PSORALEA LANCEOLATA,1.5,2,6.5,11
1136,sand.us,LIATRIS COKERI,7,2,26,14
116,brokenh.au,GOODENIA CYCLOPTERA,1,2,NA,NA
353,cobar.au,RHODANTHE FLORIBUNDA,1,2,NA,NA
1103,rhijn.nl,FESTUCA PRATENSIS,1,2,NA,NA
966,nplatte.us,SPHAERALCEA COCCINEA,2,2,2,NA
269,cedartrait.us,LINARIA VULGARIS,2,2,NA,NA
790,lygraint.no,ERIOPHORUM ANGUSTIFOLIUM,2,2,NA,NA
851,marcdrt.ar,CYCLOSPERMUM LEPTOPHYLLUM,2,2,NA,NA
1073,purdue.us,RUDBECKIA HIRTA,2,2,NA,NA
233,cedarsav.us,PANICUM OLIGOSANTHES,2.5,2,5,NA
215,cedarsav.us,ANEMONE CYLINDRICA,3,2,NA,NA
354,cobar.au,RHODANTHE PYGMAEA,3,2,NA,NA
1093,rhijn.nl,AGROSTIS GIGANTEA,4,2,NA,NA
250,cedarsav.us,SYMPHYOTRICHUM OOLENTANGIENSE,6.6,2,7.666666667,NA
222,cedarsav.us,ERAGROSTIS SPECTABILIS,9,2,NA,NA
959,nplatte.us,ARTEMISIA FRIGIDA,13.5,2,30,NA
339,cobar.au,BRACHYSCOME CAMPYLOCARPA,20,2,NA,NA
860,marcdrt.ar,JUNCUS MICROCEPHALUS,NA,2,1.5,NA
573,gmmolar.us,ERIOPHYLLUM WALLACEI,2,2.033333333,1.857142857,0.571428571
94,baddrt.de,SONCHUS ASPER,2,2.125,0.35,1
982,oreaa.us,ERIOGONUM SPHAEROCEPHALUM,3.5,2.125,2.25,2.75
453,ebro.es,HELIANTHEMUM LAVANDULIFOLIUM,1.612688,2.126979556,2.534224,2.691667611
1198,scruzm.us,ESCHSCHOLZIA CALIFORNICA,2.27999152,2.15223665,7.29629878,4.350330267
104,biddulph.ca,FESTUCA ALTAICA,0.666666667,2.166666667,2,0.5
877,matador.ca,ARTEMISIA FRIGIDA,2.333333333,2.166666667,2,1.333333333
40,allmendo.ch,ANTHYLLIS VULNERARIA,1,2.166666667,0.875,1.5
36,allmendb.ch,THYMUS SERPYLLUM,2.416666667,2.166666667,2.166666667,1.666666667
1164,scruzh.us,AVENA BARBATA,0.877193,2.173913,1.5998551,NA
975,oreaa.us,BROMUS JAPONICUS,0.625,2.25,0.5,0.5
59,allmendo.ch,PIMPINELLA SAXIFRAGA,1.916666667,2.25,2.333333333,2.166666667
981,oreaa.us,ERIGERON BLOOMERI,4.625,2.25,5,2.25
741,kiskun.hu,ARTEMISIA CAMPESTRIS,5.25,2.25,7,3
691,kernb.ca,AGROSTIS SCABRA,3.5,2.333333333,3,1.333333333
371,cowidrt.ca,DODECATHEON HENDERSONII,2.333333333,2.333333333,2.333333333,2.666666667
829,lygraold.no,POTENTILLA ERECTA,5,2.333333333,3,3
894,mattheis.ca,GAURA COCCINEA,1,2.333333333,4.333333333,3.5
124,brokenh.au,THYRIDOLEPIS MITCHELLIANA,1,2.333333333,NA,NA
347,cobar.au,GOODENIA CYCLOPTERA,1,2.333333333,NA,NA
254,cedartrait.us,AGROSTIS STOLONIFERA,5,2.333333333,NA,NA
32,allmendb.ch,SALVIA PRATENSIS,1.5,2.375,1.125,3.25
395,cowidrt.ca,VICIA SATIVA,2.8,2.4,1,1.75
383,cowidrt.ca,POA PRATENSIS,6.2,2.4,3.8,2.8
678,jrnchi.us,CROTON POTTSII,4.850794314,2.416310667,2.714294733,1.746526875
675,jrnchi.us,ACOURTIA NANA,0.9663452,2.4220811,1.1698078,0.6207045
554,gmgranite.us,ERODIUM CICUTARIUM,3.142857143,2.428571429,2.142857143,6.714285714
373,cowidrt.ca,GALIUM APARINE,1,2.5,1,1
799,lygraint.no,LYSIMACHIA EUROPAEA,3,2.5,2,1
27,allmendb.ch,PIMPINELLA SAXIFRAGA,4,2.5,2.5,2.416666667
880,matador.ca,COMANDRA UMBELLATA,1.5,2.5,5.25,3.5
266,cedartrait.us,KOELERIA MICRATHERA,2,2.5,5,4
710,kernb.ca,ROSA ARKANSANA,0.75,2.5,1,5.666666667
732,kernnu.ca,ROSA ARKANSANA,1,2.5,1,9.25
516,ethadb.au,PTILOTUS POLYSTACHYUS,2,2.5,NA,21
255,cedartrait.us,AMORPHA CANESCENS,6.166666667,2.5,3,NA
1186,scruzl.us,MEDICAGO POLYMORPHA,9.4,2.5,NA,NA
1201,scruzm.us,MEDICAGO POLYMORPHA,9.4,2.5,NA,NA
288,cerrillos.ar,BOUTELOUA ARISTIDOIDES,NA,2.505,12.815,36.565
946,nnss.us,GRAYIA SPINOSA,5.146001,2.58690782,6.9210625,3.24872212
65,allmendo.ch,SALVIA PRATENSIS,NA,2.625,0.5,3.875
725,kernnu.ca,CIRSIUM ARVENSE,1.5,2.666666667,2.666666667,0.75
1081,quilpie.au,ERAGROSTIS SETIFOLIA,1.5,2.666666667,2,2
43,allmendo.ch,BRIZA MEDIA,1.666666667,2.666666667,1.833333333,2.416666667
949,nnss.us,LYCIUM PALLIDUM,4.6258503,2.680278,5.1748451,2.779884733
20,allmendb.ch,HELICTOTRICHON PRATENSE,2.666666667,2.75,2.75,4.25
1195,scruzm.us,CARDUUS PYCNOCEPHALUS,1.7424088,2.76846785,6.8493151,7.11889028
562,gmmolar.us,ACMISPON STRIGOSUS,3.416666667,2.771428571,NA,NA
1199,scruzm.us,GERANIUM DISSECTUM,2.8,2.8,3.577370567,2.92613635
1184,scruzl.us,GERANIUM DISSECTUM,2.8,2.8,20.95602862,3.799262233
735,kernnu.ca,STIPA CURTISETA,3.166666667,2.833333333,1,6
180,capwhite.us,PLANTAGO OVATA,1.428571429,2.857142857,9.5,4.571428571
951,nnss.us,MENTZELIA ASPERA,2.343982057,2.874968975,2.616757683,0.27565495
991,oreaa.us,SEDUM STENOPETALUM,2.666666667,2.875,3.5,2.875
1004,oreac.us,ELYMUS ELYMOIDES,17,2.875,7,5.833333333
1173,scruzh.us,HOLCUS LANATUS,1.868274733,2.909544633,13.7898687,14.5281933
216,cedarsav.us,ARTEMISIA LUDOVICIANA,1.6,3,1,1
1150,sand.us,SERICOCARPUS ASTEROIDES,2,3,2,1
1276,ukulingadrt.za,COMMELINA AFRICANA,NA,3,1.5,1
726,kernnu.ca,ELYMUS TRACHYCAULUS,0.833333333,3,3.25,1.833333333
788,lygraint.no,EMPETRUM NIGRUM,1.5,3,6,2
804,lygraint.no,POTENTILLA ERECTA,3,3,2.666666667,2.333333333
241,cedarsav.us,ROSA ARKANSANA,1,3,NA,3
891,mattheis.ca,AGROSTIS SCABRA,3.5,3,5,3
900,milparinka.au,ABUTILON HALOPHILUM,12.5,3,12.5,3
1293,ukulingadrt.za,SCABIOSA COLUMBARIA,3,3,NA,3.75
816,lygraold.no,EMPETRUM NIGRUM,4.5,3,6.5,4.5
1288,ukulingadrt.za,HIBISCUS AETHIOPICUS,1.666666667,3,4.666666667,4.666666667
483,elvadrt.ee,LATHYRUS PRATENSIS,3,3,20,5
828,lygraold.no,POLYTRICHUM COMMUNE,4,3,1,5
702,kernb.ca,ELYMUS TRACHYCAULUS,0.5,3,0.5,7
1289,ukulingadrt.za,INDIGOFERA HILARIS,1,3,5,15
1255,spvdrt.ar,SPOROBOLUS RIGENS,1,3,5.666666667,16
1117,rhijn.nl,POTENTILLA REPTANS,7,3,8,22.5
812,lygraold.no,AVENELLA FLEXUOSA,1.333333333,3,3,25
1264,teshio.jp,PHRAGMITES AUSTRALIS,22,3,65,37.5
257,cedartrait.us,ASCLEPIAS TUBEROSA,1,3,NA,NA
864,marcdrt.ar,MEDICAGO LUPULINA,2,3,NA,NA
1181,scruzl.us,BROMUS HORDEACEUS,3,3,1.0204082,NA
259,cedartrait.us,BOUTELOUA CURTIPENDULA,3,3,NA,NA
909,milparinka.au,MINURIA DENTICULATA,3,3,NA,NA
1100,rhijn.nl,CYNOSURUS CRISTATUS,3.666666667,3,5,NA
112,brokenh.au,ACTINOBOLE ULIGINOSUM,4.333333333,3,NA,NA
346,cobar.au,ERODIUM CRINITUM,5,3,NA,NA
904,milparinka.au,CHRYSOCEPHALUM APICULATUM,6,3,NA,NA
748,kiskun.hu,EUPHORBIA SEGUIERIANA,5,3.102,1.2,3
325,ciempoz.es,GYPSOPHILA STRUTHIUM,1.08,3.145,4.6725,8.034
278,cedartrait.us,POA PRATENSIS,3.111111111,3.2,4.125,2.6
932,nnss.us,CHAENACTIS FREMONTII,2.24174178,3.23854468,3.775887689,1.48180165
15,allmendb.ch,EUPHORBIA CYPARISSIAS,NA,3.25,0.25,2
24,allmendb.ch,LINUM CATHARTICUM,4.583333333,3.25,2.5,2.083333333
747,kiskun.hu,DIANTHUS SEROTINUS,1.5,3.25,8,3.5
309,chacra.ar,PAPPOPHORUM MUCRONULATUM,5,3.25,NA,13
941,nnss.us,EPHEDRA NEVADENSIS,3.052105443,3.263065075,2.65797925,2.308466225
605,hyide.de,CAREX ARENARIA,3,3.333333333,2,1.333333333
1275,ukulingadrt.za,CHAETACANTHUS BURCHELLII,1.666666667,3.333333333,2.666666667,7.5
1070,purdue.us,EUTHAMIA GRAMINIFOLIA,6.375,3.333333333,13,25
467,ebro.es,THYMELAEA TINCTORIA,NA,3.359766667,0.401426667,3.45576
394,cowidrt.ca,VICIA HIRSUTA,3.6,3.4,1.8,2.25
64,allmendo.ch,RHINANTHUS MINOR,2.333333333,3.416666667,1.083333333,0.833333333
1208,sevblack.us,EUPHORBIA LATA,0.5,3.483333333,0.5,0.5
787,lygraint.no,DESCHAMPSIA FLEXUOSA,4,3.5,NA,1
600,hoide.de,CAREX ARENARIA,4.5,3.5,2.666666667,1.666666667
273,cedartrait.us,PANICUM OLIGOSANTHES,2,3.5,NA,2
1001,oreac.us,COLLOMIA GRANDIFLORA,1.666666667,3.5,2,2.25
601,hoide.de,DESCHAMPSIA FLEXUOSA,3.5,3.5,8.666666667,3.666666667
1006,oreac.us,FESTUCA IDAHOENSIS,12.3,3.5,11.1,13.75
1301,ukulingadrt.za,THUNBERGIA ATRIPLICIFOLIA,3,3.5,11.5,35
850,marcdrt.ar,CENTAURIUM PULCHELLUM,1,3.5,NA,NA
248,cedarsav.us,STIPA SPARTEA,3.666666667,3.5,15,NA
1022,paike.ar,CAREX ANDINA,5.333333333,3.666666667,6,3.666666667
372,cowidrt.ca,ELYMUS GLAUCUS,2,3.666666667,NA,6
469,elvadrt.ee,ACHILLEA MILLEFOLIUM,5,3.666666667,2,6.666666667
121,brokenh.au,RHODANTHE PYGMAEA,2.666666667,3.666666667,NA,NA
1217,sevblack.us,MUHLENBERGIA ARENICOLA,1,3.75,1,1
701,kernb.ca,CIRSIUM ARVENSE,0.5,3.75,NA,NA
54,allmendo.ch,HELICTOTRICHON PRATENSE,1.75,3.833333333,1.083333333,3.75
814,lygraold.no,CAREX ECHINATA,1.5,4,NA,1
1110,rhijn.nl,LEUCANTHEMUM VULGARE,6,4,1,1
513,ethadb.au,ERIACHNE ARISTIDEA,1.5,4,4,2
504,esw.ca,SONCHUS ARVENSIS,5,4,3,2
365,cowidrt.ca,CAREX INOPS,7.5,4,6.25,3
750,kiskun.hu,FUMANA PROCUMBENS,7,4,6.833333333,3.25
671,jorndrt.us,PROSOPIS GLANDULOSA,8,4,7.333333333,3.333333333
1260,teshio.jp,EQUISETUM ARVENSE,1,4,4,5.5
1266,teshio.jp,POLYGONUM THUNBERGII,30,4,12.5,6.25
815,lygraold.no,CAREX NIGRA,6.333333333,4,6.666666667,7.333333333
819,lygraold.no,ERIOPHORUM VAGINATUM,2.333333333,4,NA,12
870,marcdrt.ar,SISYRINCHIUM PLATENSE,1.5,4,1,NA
844,marcdrt.ar,BRIZA MINOR,1.5,4,NA,NA
1116,rhijn.nl,POA PRATENSIS,5,4,NA,NA
1060,passogavia.it,POA ALPINA,1.5,4.002,2,3.16
6,allmendb.ch,BRIZA MEDIA,3.333333333,4.166666667,2.5,2.5
55,allmendo.ch,HIPPOCREPIS COMOSA,6.666666667,4.166666667,5.333333333,2.833333333
53,allmendo.ch,HELIANTHEMUM NUMMULARIUM var. GRANDIFLORUM,3.666666667,4.166666667,5.833333333,5.416666667
1282,ukulingadrt.za,ERIOSEMA CORDATUM,6,4.333333333,13.5,2
1038,paike.ar,PEREZIA RECURVATA,3,4.333333333,3,4.333333333
1168,scruzh.us,CARDUUS PYCNOCEPHALUS,34.8837209,4.3478261,NA,NA
292,cerrillos.ar,GAYA PARVIFLORA,5,4.38,2.505,1.88
297,cerrillos.ar,PROSOPIS TORQUATA,3.75,4.38,3.75,NA
384,cowidrt.ca,QUERCUS GARRYANA,3.5,4.5,3,4
1041,paike.ar,RYTIDOSPERMA VIRESCENS,2.5,4.5,3.5,4.5
1297,ukulingadrt.za,SETARIA NIGRIROSTRIS,NA,4.5,40,30
1277,ukulingadrt.za,CRABBEA HIRSUTA,2,4.5,NA,NA
179,capwhite.us,PHYSARIA GORDONII,2.333333333,4.6,0.5,0.5
868,marcdrt.ar,POA LANIGERA,5.25,4.666666667,10,2.75
227,cedarsav.us,LATHYRUS VENOSUS,4.9,4.75,5,4.5
230,cedarsav.us,LITHOSPERMUM CAROLINIENSE,5.5,4.8,NA,NA
1175,scruzh.us,PLANTAGO LANCEOLATA,4.53320762,4.8785782,11.96570875,22.2222222
574,gmmolar.us,ERODIUM CICUTARIUM,4.285714286,4.928571429,1.928571429,3.928571429
1202,scruzm.us,RAPHANUS SATIVUS,1.17663345,4.9528809,7.44020726,20.57703828
355,cobar.au,SCLEROLAENA DIACANTHA,3.333333333,5,1,1
149,brookdale.ca,VICIA AMERICANA,5,5,1,1
135,brookdale.ca,CYPRIPEDIUM PARVIFLORUM,5,5,1.25,1
150,brookdale.ca,ZIZIA APTERA,5,5,2,1
1134,sand.us,IONACTIS LINARIIFOLIA,10,5,NA,1
496,elvadrt.ee,VICIA CRACCA,6.666666667,5,4.333333333,1.333333333
46,allmendo.ch,CAREX FLACCA,1.75,5,1.5,1.5
125,brookdale.ca,ACHILLEA MILLEFOLIUM,5,5,1,1.5
144,brookdale.ca,SOLIDAGO RIGIDA,5,5,2.5,1.5
375,cowidrt.ca,LATHYRUS SPHAERICUS,7,5,2,1.5
308,chacra.ar,NASSELLA TENUIS,10.5,5,1,3.5
184,cdpt_drt.us,ARISTIDA PURPUREA,NA,5,6,4.333333333
256,cedartrait.us,ANDROPOGON GERARDII,13,5,17,6.4
1106,rhijn.nl,HOLCUS LANATUS,5.333333333,5,8.4,6.666666667
386,cowidrt.ca,SANICULA CRASSICAULIS,2.333333333,5,2.5,7.333333333
332,cmss.us,ELYMUS SPICATUS,27.5,5,12.5,10
917,naposta.ar,AVENA BARBATA,5,5,15,20
335,cmss.us,FESTUCA IDAHOENSIS,13.5,5,27.5,25
1087,quilpie.au,RHODANTHE FLORIBUNDA,1,5,NA,NA
387,cowidrt.ca,SERICOCARPUS rigidus,2,5,NA,NA
139,brookdale.ca,LATHYRUS PALUSTRIS,5,5,NA,NA
31,allmendb.ch,RHINANTHUS MINOR,6.666666667,5.083333333,0.416666667,2
451,ebro.es,GENISTA SCORPIUS,15.94449267,5.190912221,14.58778689,5.560632001
391,cowidrt.ca,VALERIANA samolifolia,1.333333333,5.25,4,13
709,kernb.ca,POA PRATENSIS,NA,5.25,22.66666667,18.33333333
1028,paike.ar,FESTUCA PYROGEA,8.333333333,5.333333333,9,5.666666667
769,konzadrt.us,SORGHASTRUM NUTANS,11.5,5.333333333,6,8.25
408,credoj.au,MAIREANA SEDIFOLIA,1.4,5.375,1.875,3.4
80,baddrt.de,CREPIS CAPILLARIS,3.555555556,5.4,1.616666667,9
1303,yarradrt.au,AXONOPUS FISSIFOLIUS,5.475,5.4,4,NA
19,allmendb.ch,HELIANTHEMUM NUMMULARIUM var. GRANDIFLORUM,4.583333333,5.416666667,6.25,10.83333333
446,credom.au,STIPA NITIDA,0.75,5.5,0.5,4.125
478,elvadrt.ee,FESTUCA PRATENSIS,5,5.5,6.666666667,7.333333333
616,jilpanger.au,CALYTRIX TETRAGONA,1,5.5,0.75,8.5
111,biddulph.ca,STIPA COMATA,3.5,5.5,12.5,14.5
1187,scruzl.us,RAPHANUS SATIVUS,3.5,5.6,34.96364396,61.0981501
805,lygraint.no,RHYTIDIADELPHUS LOREUS,2,5.666666667,1,1
484,elvadrt.ee,LEONTODON HISPIDUS,13.33333333,5.666666667,6.333333333,4
368,cowidrt.ca,CYTISUS SCOPARIUS,5.5,5.666666667,3,NA
172,capwhite.us,LEPIDIUM LASIOCARPUM,9.714285714,5.714285714,NA,NA
264,cedartrait.us,DALEA VILLOSA,10.33333333,5.75,3.166666667,3
42,allmendo.ch,BRACHYPODIUM PINNATUM,6.25,5.833333333,3.583333333,6.083333333
21,allmendb.ch,HIPPOCREPIS COMOSA,7.5,5.833333333,12.5,10.41666667
1162,sclaudio.ar,SORGHUM HALEPENSE,5.333333333,5.833333333,10,15.25
489,elvadrt.ee,POTENTILLA ANSERINA,1,6,1,1
825,lygraold.no,MOLINIA CAERULEA,6,6,8,1.5
1088,quilpie.au,SCLEROLAENA DIACANTHA,3,6,3,3
486,elvadrt.ee,LUZULA MULTIFLORA,5.666666667,6,2,3
1141,sand.us,PINUS PALUSTRIS,1,6,1.666666667,3.666666667
789,lygraint.no,ERICA TETRALIX,8,6,5.5,5.5
221,cedarsav.us,COREOPSIS PALMATA,11,6,27.5,6.666666667
817,lygraold.no,ERICA TETRALIX,7,6,10.5,10
1190,scruzl.us,VULPIA MYUROS,6,6,31.55694768,22.72727275
1138,sand.us,PANICUM ACUMINATUM,7,6,NA,NA
289,cerrillos.ar,CORDOBIA ARGENTEA,20.005,6.043333333,16.46333333,8.753333333
33,allmendb.ch,SANGUISORBA MINOR,4.5,6.083333333,2.666666667,2.5
12,allmendb.ch,CENTAUREA SCABIOSA,5.5,6.083333333,5.166666667,7.25
369,cowidrt.ca,DACTYLIS GLOMERATA,13.8,6.2,6.75,4.25
1219,sevblack.us,SALSOLA KALI,NA,6.25,4.05,0.65
841,marcdrt.ar,AMBROSIA TENUIFOLIA,18.25,6.25,1.333333333,1
57,allmendo.ch,LINUM CATHARTICUM,5.416666667,6.25,2.083333333,1.666666667
591,hard.us,ACHILLEA MILLEFOLIUM,NA,6.25,1,2
63,allmendo.ch,PRUNELLA VULGARIS,5.75,6.25,7.916666667,4.166666667
1034,paike.ar,NARDOPHYLLUM BRYOIDES,6.666666667,6.333333333,6.666666667,6.333333333
1096,rhijn.nl,ARRHENATHERUM ELATIUS,11.83333333,6.333333333,8.333333333,20
703,kernb.ca,FESTUCA ALTAICA,10.33333333,6.333333333,9,22.33333333
236,cedarsav.us,POA PRATENSIS,5.857142857,6.4,5.4,5.6
136,brookdale.ca,GALIUM BOREALE,6.5,6.5,1.283333333,1.333333333
861,marcdrt.ar,LATHYRUS CRASSIPES,2,6.666666667,7,1
148,brookdale.ca,THALICTRUM VENULOSUM,5,6.666666667,1,1.75
886,matador.ca,PASCOPYRUM SMITHII,3.333333333,6.666666667,3.666666667,5.333333333
910,milparinka.au,RHODANTHE FLORIBUNDA,4.666666667,6.666666667,NA,NA
1095,rhijn.nl,ANTHOXANTHUM ODORATUM,6.666666667,6.666666667,8.75,NA
1234,sevmixed.us,CHONDROSUM GRACILE,7.833333333,6.8,4.975,1.65
419,credoj.au,STIPA NITIDA,0.5,6.833333333,0.5,8.5
978,oreaa.us,ELYMUS ELYMOIDES,3,6.9,3.75,7.7
983,oreaa.us,FESTUCA IDAHOENSIS,16.5,6.9,7.7,9.1
1236,sevmixed.us,HILARIA JAMESII,5.4,6.925,3.314285714,0.85
82,baddrt.de,EPILOBIUM TETRAGONUM,5.7,7,0.812,0.8
73,baddrt.de,APERA SPICA-VENTI,1.775,7,4.7625,9.366666667
834,lygraold.no,TRICHOPHORUM CESPITOSUM,4,7,12.5,12.5
1101,rhijn.nl,DACTYLIS GLOMERATA,7,7,15.83333333,20
360,cowidrt.ca,ANTHOXANTHUM ODORATUM,8.5,7.2,3.333333333,3.4
50,allmendo.ch,FESTUCA OVINA,7.083333333,7.25,5.416666667,7.083333333
1077,purdue.us,SYMPHYOTRICHUM PILOSUM,9.2,7.25,7.2,7.5
885,matador.ca,NASSELLA VIRIDULA,10.66666667,7.333333333,22.66666667,18.66666667
281,cedartrait.us,SCHIZACHYRIUM SCOPARIUM,9.555555556,7.4,10.11111111,6
481,elvadrt.ee,HELICTOTRICHON PUBESCENS,4,7.5,1.333333333,1.5
284,cedartrait.us,SORGHASTRUM NUTANS,6.6,7.5,15,2
1149,sand.us,SCHIZACHYRIUM SCOPARIUM,6,7.5,14,9
471,elvadrt.ee,ANTHOXANTHUM ODORATUM,1.666666667,7.666666667,1.333333333,1.5
802,lygraint.no,PLEUROZIUM SCHREBERI,10.66666667,7.666666667,24.66666667,8
807,lygraint.no,TRICHOPHORUM CESPITOSUM,4.666666667,7.666666667,6.5,11
1309,yarradrt.au,HYPOCHAERIS RADICATA,14.565,7.966666667,1,1
506,esw.ca,SYMPHYOTRICHUM LANCEOLATUM,12.5,8,3,1
224,cedarsav.us,EUTHAMIA GRAMINIFOLIA,5.5,8,4.333333333,4
1132,sand.us,EUPHORBIA PUBENTISSIMA,12,8,3.666666667,5
728,kernnu.ca,GALIUM BOREALE,2,8,1,8
836,lygraold.no,VACCINIUM MYRTILLUS,2,8,3,15
883,matador.ca,KRASCHENINNIKOVIA LANATA,1.5,8,5.333333333,21
293,cerrillos.ar,GOUINIA PARAGUAYENSIS,2.505,8.13,2.815,7.5
928,nnss.us,AMBROSIA DUMOSA,9.93746907,8.48419605,7.60434813,4.71178322
142,brookdale.ca,ROSA ACICULARIS,8.666666667,8.5,1.516666667,1.566666667
276,cedartrait.us,PETALOSTEMON PURPUREUS,9.1,8.7,5.777777778,5.666666667
328,ciempoz.es,THYMUS VULGARIS,8.98,8.71,8.52375,7.914166667
95,baddrt.de,TARAXACUM TARAXACUM,7.25,8.75,2.24,7.06
760,kiskun.hu,STIPA PENNATA,9.6,8.8,8.4,6.2
128,brookdale.ca,ANDROPOGON GERARDII,19.83333333,9,2.875,2.611111111
267,cedartrait.us,LESPEDEZA CAPITATA,5.3,9,2.333333333,2.75
1287,ukulingadrt.za,HETEROPOGON CONTORTUS,11.5,9,NA,6
283,cedartrait.us,SOLIDAGO RIGIDA,12.33333333,9,20,9
838,lygraold.no,VACCINIUM VITIS-IDAEA,4.666666667,9,4.333333333,10.33333333
1142,sand.us,PITYOPSIS ASPERA,9,9,6,12.66666667
263,cedartrait.us,COREOPSIS PALMATA,17.25,9,25,13
130,brookdale.ca,ARTEMISIA LUDOVICIANA,12,9.166666667,1.25,1.95
129,brookdale.ca,ANEMONASTRUM CANADENSE,6.944444444,9.166666667,2,2.4375
30,allmendb.ch,PRUNELLA VULGARIS,13.58333333,9.166666667,17.83333333,14.08333333
212,cedarsav.us,AMORPHA CANESCENS,9.5,9.333333333,2.333333333,6.75
810,lygraint.no,VACCINIUM VITIS-IDAEA,12.66666667,9.333333333,13,7
1193,scruzm.us,BRIZA MAXIMA,6.44743045,9.407574067,2.45535715,3.6697248
211,cedarsav.us,AMBROSIA PSILOSTACHYA,4.666666667,9.5,NA,NA
214,cedarsav.us,ANDROPOGON GERARDII,7.666666667,9.75,17.14285714,8.8
5,allmendb.ch,BRACHYPODIUM PINNATUM,12,9.75,18.58333333,13
331,cmss.us,ASTRAGALUS MISER,2,10,6.333333333,2
298,cerrillos.ar,SETARIA PAMPEANA,14.16666667,10,20.00333333,3.75
1115,rhijn.nl,PLANTAGO LANCEOLATA,12.5,10,5.833333333,4
1263,teshio.jp,PHALARIS ARUNDINACEA,40,10,25,12.5
913,milparinka.au,SCLEROLAENA ERIACANTHA,1,10,NA,NA
348,cobar.au,HORDEUM MURINUM,3,10,NA,NA
926,naposta.ar,STIPA CAUDATA,10,10,NA,NA
204,cdpt_drt.us,PSORALIDIUM TENUIFLORUM,0.3,10.2,1.666666667,6.366666667
749,kiskun.hu,FESTUCA VAGINATA,12,10.2,17.4,17.6
1155,sand.us,VACCINIUM TENELLUM,12.33333333,10.5,15.66666667,23.5
1123,rhijn.nl,VERONICA CHAMAEDRYS,3.666666667,10.66666667,2,4
1281,ukulingadrt.za,DIHETEROPOGON AMPLECTENS,8,10.66666667,3,5
187,cdpt_drt.us,BOUTELOUA GRACILIS,11.66666667,10.66666667,15,12.83333333
1076,purdue.us,SYMPHYOTRICHUM NOVAE-ANGLIAE,14.85714286,10.75,16.71428571,16.66666667
196,cdpt_drt.us,HESPEROSTIPA COMATA,13.66666667,10.83333333,10.16666667,15.5
416,credoj.au,SIDA INTRICATA,1.25,11,NA,0.5
138,brookdale.ca,HELIOPSIS HELIANTHOIDES,16.875,11,NA,2
965,nplatte.us,POA SECUNDA,NA,11,2,2
388,cowidrt.ca,SYMPHORICARPOS ALBUS,16.25,11,10.5,7.8
271,cedartrait.us,MONARDA FISTULOSA,3,11,2,8
1126,sand.us,CARPHEPHORUS BELLIDIFOLIUS,NA,11,7,10
279,cedartrait.us,ROSA ARKANSANA,9,11,12,15
727,kernnu.ca,FESTUCA ALTAICA,10.33333333,11,48.33333333,28.33333333
517,ethadb.au,TRIODIA BASEDOWII,7,11,36,31.5
1075,purdue.us,SOLIDAGO SPECIOSA,19,11,5,NA
131,brookdale.ca,BROMUS INERMIS,9.666666667,11.25,3.1,3.65
1127,sand.us,CHAMAECRISTA FASCICULATA,10,11.5,NA,NA
509,esw.ca,TRIFOLIUM PRATENSE,10.33333333,11.66666667,3,12.33333333
1279,ukulingadrt.za,CYMBOPOGON CAESIUS,9,12,8.166666667,6.5
282,cedartrait.us,SOLIDAGO NEMORALIS,10.14285714,12,10,7
1153,sand.us,SYMPHYOTRICHUM WALTERI,12,12,13,NA
896,mattheis.ca,KOELERIA MACRANTHA,5.5,12.33333333,23.75,10
696,kernb.ca,ARTEMISIA LUDOVICIANA,1,12.5,1,3
1080,quilpie.au,CENTIPEDA CUNNINGHAMII,8,12.5,4,3.333333333
186,cdpt_drt.us,ARTEMISIA FRIGIDA,6.2,12.5,4.666666667,11.5
480,elvadrt.ee,FRAGARIA VESCA,14.33333333,12.5,14,12.33333333
119,brokenh.au,LEMOORIA BURKITTII,3,12.5,NA,NA
145,brookdale.ca,SONCHUS ASPER,12.33333333,12.5,NA,NA
78,baddrt.de,CIRSIUM ARVENSE,10.5,12.6,3.277777778,3.3
1039,paike.ar,POA SPICIFORMIS,15,12.66666667,15.33333333,12.33333333
1257,teshio.jp,ANTHOXANTHUM ODORATUM,12.9,12.75,16.66666667,14.5
762,konzadrt.us,AMBROSIA PSILOSTACHYA,6.6,13,21.6,11.8
147,brookdale.ca,SYMPHORICARPOS OCCIDENTALIS,17.5,13,NA,NA
947,nnss.us,LARREA TRIDENTATA,15.55434442,13.27009487,13.51947492,10.55421877
268,cedartrait.us,LIATRIS ASPERA,8.555555556,13.5,8.428571429,11.8
1210,sevblack.us,GUTIERREZIA SAROTHRAE,6.125,13.5,18.25,20
1143,sand.us,PTERIDIUM AQUILINUM,23.33333333,14,21.33333333,4.5
198,cdpt_drt.us,KOELERIA MACRANTHA,NA,14,10,12
1128,sand.us,CHRYSOPSIS MARIANA,2.5,14,6,26.5
295,cerrillos.ar,PAPPOPHORUM KRAPOVICKASII,0.63,14.17,0.836666667,17.50333333
35,allmendb.ch,TEUCRIUM CHAMAEDRYS,0.5,14.75,1,5.75
494,elvadrt.ee,TRIFOLIUM REPENS,1,15,1,2
827,lygraold.no,PLEUROZIUM SCHREBERI,12.33333333,15,14,2.333333333
476,elvadrt.ee,DACTYLIS GLOMERATA,16.66666667,15,11.66666667,11.66666667
239,cedarsav.us,QUERCUS MACROCARPA,10,15,6,15
402,credoj.au,ERAGROSTIS DIELSII,5,15,1,NA
677,jrnchi.us,CHONDROSUM ERIOPODUM,14.49760331,15.41230289,4.50248912,0.781912217
327,ciempoz.es,LEPIDIUM SUBULATUM,16.40857143,15.48,15.94071429,12.93785714
45,allmendo.ch,CAREX CARYOPHYLLEA,14.16666667,15.75,12.41666667,14.16666667
242,cedarsav.us,SCHIZACHYRIUM SCOPARIUM,14.28571429,16,20.625,17
400,credoj.au,ENNEAPOGON CAERULESCENS,17,16.5,8.4,7.333333333
44,allmendo.ch,BROMUS ERECTUS,17.25,16.5,22.83333333,15.66666667
8,allmendb.ch,CAREX CARYOPHYLLEA,10.75,16.5,10.83333333,16.5
924,naposta.ar,NASSELLA TRICHOTOMA,10,16.66666667,20,25
919,naposta.ar,BROMUS CATHARTICUS,13.33333333,16.66666667,15,NA
1227,sevblue.us,CHONDROSUM GRACILE,20.80714286,16.71428571,14.34428571,9.428571429
1069,purdue.us,DESMODIUM ILLINOENSE,10.57142857,17,13,19.75
874,marcdrt.ar,VERONICA PEREGRINA,25,17,NA,NA
294,cerrillos.ar,LARREA DIVARICATA,36.04333333,17.08666667,32.29333333,19.50333333
246,cedarsav.us,SORGHASTRUM NUTANS,23.5,17.2,12.5,25
770,konzadrt.us,SPOROBOLUS COMPOSITUS,14.8,17.2,NA,NA
134,brookdale.ca,CIRSIUM ARVENSE,17.66666667,17.5,1.9,2.133333333
901,milparinka.au,ASTREBLA LAPPACEA,25,17.5,21,21
464,ebro.es,ROSMARINUS OFFICINALIS,24.42157667,17.94057222,24.49804518,19.75746422
872,marcdrt.ar,SPARTINA DENSIFLORA,18.75,18,15,23
893,mattheis.ca,BOUTELOUA GRACILIS,15.4,18,25,26
1166,scruzh.us,BRIZA MAXIMA,7.50628706,18.0385227,26.74486566,39.30012252
1067,purdue.us,ALCHEMILLA IDAEUS,10.66666667,18.25,28,37.5
1078,quilpie.au,ABUTILON HALOPHILUM,21.66666667,18.33333333,5.666666667,5
137,brookdale.ca,GLYCYRRHIZA LEPIDOTA,25.16666667,18.5,4.35,3.75
967,octc.us,ARTEMISIA TRIDENTATA,16.81173785,18.96621009,16.27758363,16.77924463
378,cowidrt.ca,MELICA SUBULATA,9.333333333,19,8.333333333,17.5
1233,sevmixed.us,CHONDROSUM ERIOPODUM,12.69285714,19.17857143,11.41428571,7.342857143
1105,rhijn.nl,GALIUM MOLLUGO,22,19.66666667,25.83333333,25
336,cmss.us,SEDUM LANCEOLATUM,14,20,2,2
1226,sevblue.us,CHONDROSUM ERIOPODUM,2.975,20,1.65,4.808333333
1140,sand.us,PARTHENIUM INTEGRIFOLIUM,4,20,4,5
133,brookdale.ca,CERASTIUM ARVENSE,15,20,NA,NA
329,cmss.us,ACHILLEA MILLEFOLIUM,NA,20,2,NA
1314,yarradrt.au,SETARIA PARVIFLORA,7.36,20.33333333,21.25,3.333333333
287,cerrillos.ar,ARISTIDA MENDOCINA,17.19,20.42,11.67,19.37666667
190,cdpt_drt.us,CAREX FILIFOLIA,20.16666667,20.5,18.5,19.16666667
1065,passogavia.it,SOLDANELLA PUSILLA,16.7,20.6,10.08,13.6
351,cobar.au,MEDICAGO LACINIATA,16.66666667,20.66666667,NA,NA
685,jrnchi.us,PROSOPIS GLANDULOSA,19.93100379,20.85139756,23.87850584,25.76329583
892,mattheis.ca,ARTEMISIA FRIGIDA,32,21,15,17.6
961,nplatte.us,BOUTELOUA GRACILIS,32.5,21,7.571428571,20.8
895,mattheis.ca,HESPEROSTIPA COMATA,16,21.25,20,21
766,konzadrt.us,BOUTELOUA CURTIPENDULA,18,21.5,2,3.5
487,elvadrt.ee,MEDICAGO LUPULINA,25,21.66666667,7.333333333,3
1206,sevblack.us,CHONDROSUM ERIOPODUM,19.40714286,22.14285714,18.09285714,7.428571429
89,baddrt.de,PICRIS HIERACIOIDES,33.7,23.2,63,48
473,elvadrt.ee,BRIZA MEDIA,21.66666667,23.33333333,23.33333333,25
1125,sand.us,ARISTIDA STRICTA,14,23.33333333,26.66666667,27
820,lygraold.no,HYLOCOMIUM SPLENDENS,23.33333333,23.66666667,17.33333333,40
587,gmmolar.us,SCHISMUS BARBATUS,23.42857143,24.71428571,1,NA
333,cmss.us,EREMOGONE CONGESTA,3.5,25,2,5
840,marcdrt.ar,AGROSTIS MONTEVIDENSIS,20,25,8,5.5
1098,rhijn.nl,CENTAUREA JACEA,1,25,7,6.5
603,hoide.de,SALIX REPENS,1,25,1,15
594,hard.us,CHRYSOTHAMNUS VISCIDIFLORUS,16.66666667,25,9,19
902,milparinka.au,ASTREBLA PECTINATA,19,25,21,21
960,nplatte.us,ARTEMISIA TRIDENTATA,NA,25,10,NA
7,allmendb.ch,BROMUS ERECTUS,18,26.25,17.25,22.08333333
1044,paike.ar,STIPA SPECIOSA,21.33333333,27,21.66666667,27
1068,purdue.us,ANDROPOGON GERARDII,27.375,27.375,18.75,26.66666667
970,octc.us,POA SECUNDA,33.00967403,28.77115968,16.50442414,14.82465954
855,marcdrt.ar,FESTUCA ARUNDINACEA,46.66666667,29,60,71.25
771,konzadrt.us,SYMPHYOTRICHUM ERICOIDES,43,29.6,36.6,35
666,jorndrt.us,CHONDROSUM ERIOPODUM,39.33333333,29.66666667,31.66666667,27.33333333
143,brookdale.ca,SOLIDAGO CANADENSIS,27,30,2.4,2.9
1300,ukulingadrt.za,THEMEDA TRIANDRA,31.66666667,30,11.33333333,15
1055,passogavia.it,LIGUSTICUM MUTELLINA,14.5,30,12,46
1072,purdue.us,LOTUS CORNICULATUS,36.25,30.5,10,NA
1179,scruzl.us,AVENA BARBATA,41,30.6,5.472445967,1.2195122
973,oreaa.us,ARTEMISIA ARBUSCULA,26.33333333,30.6,13.83333333,12.2
182,capwhite.us,SCHISMUS ARABICUS,24.71428571,32,35.71428571,7.714285714
539,falls.au,POA HIEMATA,37.5,33.33333333,45.83333333,41.66666667
1178,scruzh.us,VULPIA MYUROS,4.8543689,33.49501327,29.64858413,4.135648425
595,hard.us,PSEUDOROEGNERIA SPICATA,25,34.375,9,1
1171,scruzh.us,DANTHONIA CALIFORNICA,29.33366554,34.76109185,NA,15.1898734
316,charleville.au,EREMOPHILA GILESII,41.66666667,35,45,46.66666667
349,cobar.au,HYALOSPERMA SEMISTERILE,43.33333333,35,NA,NA
1307,yarradrt.au,EHRHARTA STIPOIDES,8.47,35.45,10.75,61.25
1104,rhijn.nl,FESTUCA RUBRA,43.33333333,36.66666667,40,25
307,chacra.ar,NASSELLA LONGIGLUMIS,21.66666667,36.66666667,50,36.66666667
521,ethadn.au,TRIODIA BASEDOWII,34.66666667,37,49.33333333,49.33333333
1074,purdue.us,SOLIDAGO CANADENSIS,28.125,37.75,78.75,72.5
962,nplatte.us,BROMUS TECTORUM,13.2,40.33333333,6.333333333,14.14285714
793,lygraint.no,HYLOCOMIUM SPLENDENS,27.33333333,40.5,7.666666667,27.33333333
764,konzadrt.us,ANDROPOGON GERARDII,43.2,41,50,53.6
1177,scruzh.us,STIPA PULCHRA,35.45813537,41.73103135,27.69133725,8.2963652
963,nplatte.us,CAREX FILIFOLIA,36.125,41.875,14,18.125
1302,ukulingadrt.za,TRISTACHYA LEUCOTHRIX,46.66666667,42,30.5,46.66666667
1262,teshio.jp,JUNCUS EFFUSUS,2,45,3,8
1048,passogavia.it,CAREX CURVULA,47.6,47.4,40.6,42
1046,passogavia.it,ALCHEMILLA PENTAPHYLLEA,32.6,48.6,35,53.8
527,falls.au,CELMISIA COSTINIANA,43.33333333,50,43.33333333,48.33333333
774,kranz.de,FAGUS SYLVATICA,50,50,50,50
775,kranz.de,PICEA ABIES,50,50,50,50
794,lygraint.no,HYPNUM JUTLANDICUM,55,51.66666667,45.33333333,37
79,baddrt.de,CREPIS BIENNIS,40.7,52,4.857142857,6.5
997,oreac.us,ARTEMISIA CANA,30,52.5,21.25,34.5
821,lygraold.no,HYPNUM JUTLANDICUM,55,53.33333333,53.33333333,45
1259,teshio.jp,CALAMAGROSTIS EPIGEIOS,61.66666667,53.5,60.3,57.1
1180,scruzl.us,BROMUS DIANDRUS,36.2,55.6,11.6161616,1.2195122
1305,yarradrt.au,CYNODON DACTYLON,62.625,55.925,51.25,47.5
923,naposta.ar,NASSELLA NEESIANA,68.33333333,57.5,50,36.66666667
999,oreac.us,BROMUS JAPONICUS,15.7,58.5,3,13.1
503,esw.ca,SOLIDAGO CANADENSIS,68.33333333,60,50,27
141,brookdale.ca,POA PRATENSIS,66,61,6.55,6.25
560,gmgranite.us,SCHISMUS BARBATUS,68.85714286,65.71428571,3.142857143,3.714285714
780,lygraint.no,CALLUNA VULGARIS,81.66666667,68.33333333,84,78.33333333
813,lygraold.no,CALLUNA VULGARIS,70,70,66.66666667,83.33333333
165,capmcd.us,SCHISMUS ARABICUS,71.42857143,70.28571429,33.85714286,25.14285714
604,hyide.de,CALLUNA VULGARIS,80,73.33333333,81.66666667,65.66666667
599,hoide.de,CALLUNA VULGARIS,75,77.5,74.66666667,85
100,baddrt.de,VULPIA MYUROS,1.333333333,80,4.342857143,3.533333333
1191,scruzm.us,AVENA BARBATA,86.6924611,81.37091954,75.91367574,66.17974404
1159,sclaudio.ar,FESTUCA ARUNDINACEA,94.75,100,68.75,78.75
753,kiskun.hu,MEDICAGO MINIMA,0.01,NA,0.1,0.01
740,kiskun.hu,ARENARIA SERPYLLIFOLIA,0.505,NA,0.01,0.01
90,baddrt.de,POA TRIVIALIS,2,NA,1.403333333,0.01
208,cdpt_drt.us,TRAGOPOGON DUBIUS,0.5,NA,NA,0.1
1372,cdpt_drt.us,CHENOPODIUM ALBUM,NA,NA,0.1,0.1
1328,baddrt.de,SONCHUS OLERACEUS,NA,NA,0.3275,0.1
1484,konzadrt.us,CAREX BREVIOR,NA,NA,2,0.1
1525,nnss.us,PECTOCARYA RECURVATA,NA,NA,0.27364995,0.1355014
93,baddrt.de,SOLIDAGO CANADENSIS,4.25,NA,0.2,0.15
1469,jorndrt.us,TIDESTROMIA LANUGINOSA,NA,NA,2,0.2
1437,ethadn.au,CALANDRINIA BALONENSIS,NA,NA,5.5,0.2
1523,nnss.us,ERIOGONUM ANNUUM,NA,NA,0.6351886,0.203252
9,allmendb.ch,CAREX FLACCA,4.25,NA,4.375,0.25
1315,allmendb.ch,MEDICAGO LUPULINA,NA,NA,1,0.25
1326,baddrt.de,PLANTAGO LANCEOLATA,NA,NA,0.05,0.3
1494,konzadrt.us,OXALIS STRICTA,NA,NA,1,0.4
398,credoj.au,CEPHALIPTERUM DRUMMONDII,0.5,NA,0.5,0.5
433,credom.au,MAIREANA CARNOSA,0.5,NA,0.5,0.5
548,gmgranite.us,BROMUS RUBENS,0.5,NA,0.5,0.5
553,gmgranite.us,ERIOPHYLLUM WALLACEI,0.5,NA,0.5,0.5
658,jilpanger.au,THYSANOTUS PATERSONII,0.5,NA,0.5,0.5
659,jilpanger.au,THYSANOTUS TUBEROSUS,0.5,NA,0.5,0.5
155,capmcd.us,ERODIUM TEXANUM,0.5,NA,1,0.5
177,capwhite.us,PECTOCARYA PLATYCARPA,0.5,NA,1.25,0.5
405,credoj.au,EUPHORBIA DRUMMONDII,0.5,NA,NA,0.5
636,jilpanger.au,LEPIDOSPERMA CARPHOIDES,5,NA,5,0.5
704,kernb.ca,GALIUM BOREALE,5,NA,8,0.5
92,baddrt.de,RUMEX CRISPUS,7,NA,5,0.5
1318,allmendo.ch,GYPSOPHILA REPENS,NA,NA,0.25,0.5
1357,capmcd.us,BROMUS RUBENS,NA,NA,0.5,0.5
1366,capwhite.us,CHORIZANTHE BREVICORNU,NA,NA,0.5,0.5
1369,capwhite.us,MONOPTILON BELLIOIDES,NA,NA,0.5,0.5
1416,credom.au,ISOETOPSIS GRAMINIFOLIA,NA,NA,0.5,0.5
1442,gmgranite.us,CRYPTANTHA PTEROCARYA,NA,NA,0.5,0.5
1445,gmgranite.us,PLAGIOBOTHRYS ARIZONICUS,NA,NA,0.625,0.5
1358,capmcd.us,CHAENACTIS STEVIOIDES,NA,NA,1,0.5
1512,matador.ca,TRAGOPOGON DUBIUS,NA,NA,2,0.5
1526,nnss.us,PRENANTHELLA EXIGUA,NA,NA,0.9639069,0.5487245
175,capwhite.us,OTTLEYA STRIGOSA,0.5,NA,0.5,0.6
1000,oreac.us,COLLINSIA PARVIFLORA,0.5,NA,0.7,0.6
1447,gmmolar.us,CHAENACTIS STEVIOIDES,NA,NA,0.5,0.625
291,cerrillos.ar,ERAGROSTIS ORTHOCLADA,0.63,NA,4.38,0.63
1356,capmcd.us,ASTRAGALUS NUTTALLIANUS,NA,NA,1,0.75
1374,cdpt_drt.us,HELIANTHUS ANNUUS,NA,NA,0.5,0.866666667
1364,capwhite.us,ACMISPON MARITIMUS,NA,NA,1.25,0.875
1306,yarradrt.au,DICHELACHNE CRINITA,0.1,NA,1,1
738,kernnu.ca,VICIA AMERICANA,0.5,NA,0.666666667,1
711,kernb.ca,SOLIDAGO MISSOURIENSIS,0.5,NA,0.75,1
972,oreaa.us,ALLIUM ACUMINATUM,0.5,NA,NA,1
358,cowidrt.ca,ACMISPON PARVIFLORUS,1,NA,1,1
918,naposta.ar,BACCHARIS ULICINA,1,NA,1,1
342,cobar.au,CALOTIS LAPPULACEA,1,NA,1.333333333,1
357,cobar.au,TRIPOGON LOLIIFORMIS,1,NA,1.5,1
1244,spvdrt.ar,ERODIUM CICUTARIUM,1,NA,2,1
499,esw.ca,DAUCUS CAROTA,1,NA,NA,1
801,lygraint.no,PEDICULARIS SYLVATICA,1,NA,NA,1
1012,oreac.us,VENTENATA DUBIA,2,NA,3.833333333,1
839,marcdrt.ar,ACMELLA DECUMBENS,2.333333333,NA,3,1
848,marcdrt.ar,CAREX PHALAROIDES,3,NA,1,1
518,ethadb.au,YAKIRRA AUSTRALIENSIS,4,NA,4,1
1109,rhijn.nl,LATHYRUS PRATENSIS,4,NA,NA,1
1137,sand.us,MORELLA CERIFERA,5,NA,1,1
1377,cdpt_drt.us,OPUNTIA POLYACANTHA,NA,NA,0.1,1
1323,baddrt.de,HYPOCHAERIS RADICATA,NA,NA,0.2,1
1362,capmcd.us,OTTLEYA STRIGOSA,NA,NA,0.5,1
1335,biddulph.ca,KOELERIA MACRANTHA,NA,NA,0.75,1
1436,ethadb.au,TRACHYMENE GLAUCIFOLIA,NA,NA,0.75,1
1345,brookdale.ca,LIATRIS LIGULISTYLIS,NA,NA,1,1
1353,brookdale.ca,VIOLA ADUNCA,NA,NA,1,1
1421,elvadrt.ee,AGROSTIS STOLONIFERA,NA,NA,1,1
1423,elvadrt.ee,DAUCUS CAROTA,NA,NA,1,1
1429,esw.ca,ELYMUS REPENS,NA,NA,1,1
1430,esw.ca,GEUM CANADENSE,NA,NA,1,1
1431,esw.ca,HOLOSTEUM UMBELLATUM,NA,NA,1,1
1490,konzadrt.us,ERIGERON STRIGOSUS,NA,NA,1,1
1513,mattheis.ca,ANDROSACE SEPTENTRIONALIS,NA,NA,1,1
1521,naposta.ar,PAVONIA CYMBALARIA,NA,NA,1,1
1522,naposta.ar,SOLANUM aethiopicum,NA,NA,1,1
1338,brokenh.au,SIDA PETROPHILA,NA,NA,1.166666667,1
1517,milparinka.au,ERIOCHLOA PSEUDOACROTRICHA,NA,NA,1.5,1
1406,cowidrt.ca,ACER MACROPHYLLUM,NA,NA,2,1
1475,kernnu.ca,NASSELLA VIRIDULA,NA,NA,2,1
1551,sand.us,LESPEDEZA PROCUMBENS,NA,NA,8,1
1388,cerrillos.ar,ALLIONIA INCARNATA,NA,NA,0.94,1.25
1342,brookdale.ca,HELIANTHUS PAUCIFLORUS,NA,NA,1.083333333,1.25
1351,brookdale.ca,SYMPHYOTRICHUM ERICOIDES,NA,NA,4,1.25
1392,cerrillos.ar,COTTEA PAPPOPHOROIDES,NA,NA,8.126666667,1.25
1485,konzadrt.us,CAREX INOPS,NA,NA,2.62,1.275
1316,allmendb.ch,POLYGALA VULGARIS,NA,NA,2,1.416666667
1120,rhijn.nl,RUMEX ACETOSA,1,NA,1.25,1.5
1427,esw.ca,CIRSIUM ARVENSE,NA,NA,1,1.5
1361,capmcd.us,EUPHORBIA POLYCARPA,NA,NA,2.75,1.5
1380,cedarsav.us,AMBROSIA ARTEMISIIFOLIA,NA,NA,8,1.5
1495,konzadrt.us,PANICUM CAPILLARE,NA,NA,9,1.5
784,lygraint.no,CAREX PILULIFERA,1,NA,2,1.666666667
1346,brookdale.ca,LITHOSPERMUM CANESCENS,NA,NA,1,1.666666667
1200,scruzm.us,LOLIUM PERENNE,1.1904762,NA,3.6458333,1.8181818
1350,brookdale.ca,SYMPHORICARPOS ALBUS,NA,NA,2.55,1.85
1348,brookdale.ca,SONCHUS ARVENSIS,NA,NA,1.55,1.95
1118,rhijn.nl,PRUNELLA VULGARIS,1,NA,1.5,2
912,milparinka.au,SCLEROLAENA DIACANTHA,1,NA,3,2
370,cowidrt.ca,DELPHINIUM MENZIESII,1.333333333,NA,4.5,2
1304,yarradrt.au,COMMELINA CYANEA,2.17,NA,2,2
1270,ukulingadrt.za,ACALYPHA ANGUSTATA,3,NA,NA,2
1497,konzadrt.us,RUELLIA HUMILIS,NA,NA,1,2
1505,lygraold.no,LEUCOBRYUM GLAUCUM,NA,NA,1,2
1409,cowidrt.ca,ERYTHRONIUM OREGONUM,NA,NA,1.5,2
1527,nplatte.us,ALYSSUM DESERTORUM,NA,NA,2,2
1528,nplatte.us,CYMOPTERUS GLOMERATUS,NA,NA,2,2
1531,nplatte.us,PLANTAGO PATAGONICA,NA,NA,2,2
1344,brookdale.ca,LATHYRUS OCHROLEUCUS,NA,NA,2.5,2.083333333
1396,cerrillos.ar,SIDA ARGENTINA,NA,NA,3.96,2.086666667
1486,konzadrt.us,CAREX MEADII,NA,NA,3,2.333333333
1550,sand.us,GALACTIA ERECTA,NA,NA,1,2.5
1413,credoj.au,VITTADINIA HUMERATA,NA,NA,0.5,2.75
1489,konzadrt.us,DICHANTHELIUM OLIGOSANTHES,NA,NA,2.6,2.8
1482,konzadrt.us,ASCLEPIAS VIRIDIS,NA,NA,1.033333333,3
1460,hard.us,THLASPI ARVENSE,NA,NA,1.666666667,3
1506,lygraold.no,PLAGIOTHECIUM UNDULATUM,NA,NA,2.333333333,3
1579,ukulingadrt.za,CRABBEA SQUARROSA,NA,NA,3,3
1592,ukulingadrt.za,TRAGIA MEYERIANA,NA,NA,3.5,3
1576,teshio.jp,TRIFOLIUM REPENS,NA,NA,3.666666667,3
1519,naposta.ar,LACTUCA SERRIOLA,NA,NA,5,3
1432,esw.ca,POA COMPRESSA,NA,NA,5.5,3
1545,quilpie.au,SCLEROLAENA ERIACANTHA,NA,NA,4,3.333333333
1516,mattheis.ca,TARAXACUM TARAXACUM,NA,NA,10,3.5
1569,spvdrt.ar,FACELIS RETUSA,NA,NA,6.666666667,3.666666667
1285,ukulingadrt.za,HELICHRYSUM NUDIFOLIUM,1,NA,NA,4
1387,cedartrait.us,PANICUM VIRGATUM,NA,NA,1,4
1589,ukulingadrt.za,SENECIO RETRORSUS,NA,NA,5.5,4
1585,ukulingadrt.za,PENTANISIA ANGUSTIFOLIA,NA,NA,11.5,4
229,cedarsav.us,LITHOSPERMUM CANESCENS,2.5,NA,3,4.333333333
1298,ukulingadrt.za,SPERMACOCE NATALENSIS,1,NA,14,5
866,marcdrt.ar,PHYLA NODIFLORA,2,NA,NA,5
1399,cmss.us,CERASTIUM ARVENSE,NA,NA,2,5
1452,hard.us,BROMUS TECTORUM,NA,NA,2,5
1334,biddulph.ca,HELICTOTRICHON HOOKERI,NA,NA,5,5
1381,cedarsav.us,CALAMOVILFA LONGIFOLIA,NA,NA,5,5
1588,ukulingadrt.za,SENECIO DELTOIDEUS,NA,NA,5,5.5
1455,hard.us,KOELERIA MACRANTHA,NA,NA,5.5,5.5
1163,scruzh.us,ANAGALLIS ARVENSIS,2.3255814,NA,4.516493875,5.6818182
1583,ukulingadrt.za,HYPOXIS FILIFORMIS,NA,NA,3.25,6
1555,sand.us,SCLERIA TRIGLOMERATA,NA,NA,6,6
1458,hard.us,ORTHOCARPUS TOLMIEI,NA,NA,11,7
1492,konzadrt.us,KOELERIA MACRANTHA,NA,NA,6,8.6
1459,hard.us,SYMPHYOTRICHUM ERICOIDES,NA,NA,2,9.333333333
1520,naposta.ar,PAPPOPHORUM CAESPITOSUM,NA,NA,5,10
1402,cmss.us,POA CUSICKII,NA,NA,10,10
1552,sand.us,PANICUM COMMUTATUM,NA,NA,6.333333333,11.33333333
673,jorndrt.us,SPOROBOLUS FLEXUOSUS,1,NA,1.65,12
1401,cmss.us,PHLOX MULTIFLORA,NA,NA,10,13.33333333
1563,scruzl.us,SONCHUS ASPER,NA,NA,2.0408163,14.54787123
1183,scruzl.us,CIRSIUM VULGARE,2,NA,NA,14.6156689
1496,konzadrt.us,PSORALIDIUM TENUIFLORUM,NA,NA,10.02,14.8
1450,hard.us,ARTEMISIA NOVA,NA,NA,10,16.5
1408,cowidrt.ca,CLAYTONIA PERFOLIATA,NA,NA,11.5,21.66666667
1573,teshio.jp,CAREX MIYABEI,NA,NA,50,25.5
1580,ukulingadrt.za,CROTALARIA MICROCARPA,NA,NA,4,27
964,nplatte.us,OPUNTIA POLYACANTHA,25,NA,NA,30
1451,hard.us,ARTEMISIA TRIDENTATA,NA,NA,20,35
1548,sand.us,CHAMAECRISTA NICTITANS,NA,NA,12,39.5